passport_id,family,family_label,property,unit,candidate_method,measured_value,uncertainty,measurement_context,specimen_lot_id,equipment_id,calibration_record,source_uri,evidence_state,production_approved
"PS-MAT-CU_OFHC","MT","metals","density","kg/m^3","mass_volume","","","","","","","","NOT_POPULATED_BY_SOURCE","false"
"PS-MAT-CU_OFHC","MT","metals","electrical_conductivity","S/m","four_probe","","","","","","","","NOT_POPULATED_BY_SOURCE","false"
"PS-MAT-CU_OFHC","MT","metals","thermal_conductivity","W/(m*K)","heat_flux","","","","","","","","NOT_POPULATED_BY_SOURCE","false"
"PS-MAT-CU_OFHC","MT","metals","solidus_temperature","K","thermal_analysis","","","","","","","","NOT_POPULATED_BY_SOURCE","false"
"PS-MAT-CU_OFHC","MT","metals","thermal_expansion_coefficient","1/K","dilatometry","","","","","","","","NOT_POPULATED_BY_SOURCE","false"
"PS-MAT-CU_OFHC","MT","metals","yield_strength","Pa","tensile_test","","","","","","","","NOT_POPULATED_BY_SOURCE","false"
"PS-MAT-CU_OFHC","MT","metals","interface_adhesion_strength","Pa","qualified_bond_test","","","","","","","","NOT_POPULATED_BY_SOURCE","false"
"PS-MAT-CU_OFHC","MT","metals","oxide_layer_thickness","m","surface_analysis","","","","","","","","NOT_POPULATED_BY_SOURCE","false"
"PS-MAT-CU_OFHC","MT","metals","process_max_temperature","K","machine_telemetry","","","","","","","","NOT_POPULATED_BY_SOURCE","false"
"PS-MAT-AL_6061","MT","metals","density","kg/m^3","mass_volume","","","","","","","","NOT_POPULATED_BY_SOURCE","false"
"PS-MAT-AL_6061","MT","metals","electrical_conductivity","S/m","four_probe","","","","","","","","NOT_POPULATED_BY_SOURCE","false"
"PS-MAT-AL_6061","MT","metals","thermal_conductivity","W/(m*K)","heat_flux","","","","","","","","NOT_POPULATED_BY_SOURCE","false"
"PS-MAT-AL_6061","MT","metals","solidus_temperature","K","thermal_analysis","","","","","","","","NOT_POPULATED_BY_SOURCE","false"
"PS-MAT-AL_6061","MT","metals","thermal_expansion_coefficient","1/K","dilatometry","","","","","","","","NOT_POPULATED_BY_SOURCE","false"
"PS-MAT-AL_6061","MT","metals","yield_strength","Pa","tensile_test","","","","","","","","NOT_POPULATED_BY_SOURCE","false"
"PS-MAT-AL_6061","MT","metals","interface_adhesion_strength","Pa","qualified_bond_test","","","","","","","","NOT_POPULATED_BY_SOURCE","false"
"PS-MAT-AL_6061","MT","metals","oxide_layer_thickness","m","surface_analysis","","","","","","","","NOT_POPULATED_BY_SOURCE","false"
"PS-MAT-AL_6061","MT","metals","process_max_temperature","K","machine_telemetry","","","","","","","","NOT_POPULATED_BY_SOURCE","false"
"PS-MAT-SS_316L","MT","metals","density","kg/m^3","mass_volume","","","","","","","","NOT_POPULATED_BY_SOURCE","false"
"PS-MAT-SS_316L","MT","metals","electrical_conductivity","S/m","four_probe","","","","","","","","NOT_POPULATED_BY_SOURCE","false"
"PS-MAT-SS_316L","MT","metals","thermal_conductivity","W/(m*K)","heat_flux","","","","","","","","NOT_POPULATED_BY_SOURCE","false"
"PS-MAT-SS_316L","MT","metals","solidus_temperature","K","thermal_analysis","","","","","","","","NOT_POPULATED_BY_SOURCE","false"
"PS-MAT-SS_316L","MT","metals","thermal_expansion_coefficient","1/K","dilatometry","","","","","","","","NOT_POPULATED_BY_SOURCE","false"
"PS-MAT-SS_316L","MT","metals","yield_strength","Pa","tensile_test","","","","","","","","NOT_POPULATED_BY_SOURCE","false"
"PS-MAT-SS_316L","MT","metals","interface_adhesion_strength","Pa","qualified_bond_test","","","","","","","","NOT_POPULATED_BY_SOURCE","false"
"PS-MAT-SS_316L","MT","metals","oxide_layer_thickness","m","surface_analysis","","","","","","","","NOT_POPULATED_BY_SOURCE","false"
"PS-MAT-SS_316L","MT","metals","process_max_temperature","K","machine_telemetry","","","","","","","","NOT_POPULATED_BY_SOURCE","false"
"PS-MAT-TI_64","MT","metals","density","kg/m^3","mass_volume","","","","","","","","NOT_POPULATED_BY_SOURCE","false"
"PS-MAT-TI_64","MT","metals","electrical_conductivity","S/m","four_probe","","","","","","","","NOT_POPULATED_BY_SOURCE","false"
"PS-MAT-TI_64","MT","metals","thermal_conductivity","W/(m*K)","heat_flux","","","","","","","","NOT_POPULATED_BY_SOURCE","false"
"PS-MAT-TI_64","MT","metals","solidus_temperature","K","thermal_analysis","","","","","","","","NOT_POPULATED_BY_SOURCE","false"
"PS-MAT-TI_64","MT","metals","thermal_expansion_coefficient","1/K","dilatometry","","","","","","","","NOT_POPULATED_BY_SOURCE","false"
"PS-MAT-TI_64","MT","metals","yield_strength","Pa","tensile_test","","","","","","","","NOT_POPULATED_BY_SOURCE","false"
"PS-MAT-TI_64","MT","metals","interface_adhesion_strength","Pa","qualified_bond_test","","","","","","","","NOT_POPULATED_BY_SOURCE","false"
"PS-MAT-TI_64","MT","metals","oxide_layer_thickness","m","surface_analysis","","","","","","","","NOT_POPULATED_BY_SOURCE","false"
"PS-MAT-TI_64","MT","metals","process_max_temperature","K","machine_telemetry","","","","","","","","NOT_POPULATED_BY_SOURCE","false"
"PS-MAT-NI_ALLOY","MT","metals","density","kg/m^3","mass_volume","","","","","","","","NOT_POPULATED_BY_SOURCE","false"
"PS-MAT-NI_ALLOY","MT","metals","electrical_conductivity","S/m","four_probe","","","","","","","","NOT_POPULATED_BY_SOURCE","false"
"PS-MAT-NI_ALLOY","MT","metals","thermal_conductivity","W/(m*K)","heat_flux","","","","","","","","NOT_POPULATED_BY_SOURCE","false"
"PS-MAT-NI_ALLOY","MT","metals","solidus_temperature","K","thermal_analysis","","","","","","","","NOT_POPULATED_BY_SOURCE","false"
"PS-MAT-NI_ALLOY","MT","metals","thermal_expansion_coefficient","1/K","dilatometry","","","","","","","","NOT_POPULATED_BY_SOURCE","false"
"PS-MAT-NI_ALLOY","MT","metals","yield_strength","Pa","tensile_test","","","","","","","","NOT_POPULATED_BY_SOURCE","false"
"PS-MAT-NI_ALLOY","MT","metals","interface_adhesion_strength","Pa","qualified_bond_test","","","","","","","","NOT_POPULATED_BY_SOURCE","false"
"PS-MAT-NI_ALLOY","MT","metals","oxide_layer_thickness","m","surface_analysis","","","","","","","","NOT_POPULATED_BY_SOURCE","false"
"PS-MAT-NI_ALLOY","MT","metals","process_max_temperature","K","machine_telemetry","","","","","","","","NOT_POPULATED_BY_SOURCE","false"
"PS-MAT-AG_METAL","MT","metals","density","kg/m^3","mass_volume","","","","","","","","NOT_POPULATED_BY_SOURCE","false"
"PS-MAT-AG_METAL","MT","metals","electrical_conductivity","S/m","four_probe","","","","","","","","NOT_POPULATED_BY_SOURCE","false"
"PS-MAT-AG_METAL","MT","metals","thermal_conductivity","W/(m*K)","heat_flux","","","","","","","","NOT_POPULATED_BY_SOURCE","false"
"PS-MAT-AG_METAL","MT","metals","solidus_temperature","K","thermal_analysis","","","","","","","","NOT_POPULATED_BY_SOURCE","false"
"PS-MAT-AG_METAL","MT","metals","thermal_expansion_coefficient","1/K","dilatometry","","","","","","","","NOT_POPULATED_BY_SOURCE","false"
"PS-MAT-AG_METAL","MT","metals","yield_strength","Pa","tensile_test","","","","","","","","NOT_POPULATED_BY_SOURCE","false"
"PS-MAT-AG_METAL","MT","metals","interface_adhesion_strength","Pa","qualified_bond_test","","","","","","","","NOT_POPULATED_BY_SOURCE","false"
"PS-MAT-AG_METAL","MT","metals","oxide_layer_thickness","m","surface_analysis","","","","","","","","NOT_POPULATED_BY_SOURCE","false"
"PS-MAT-AG_METAL","MT","metals","process_max_temperature","K","machine_telemetry","","","","","","","","NOT_POPULATED_BY_SOURCE","false"
"PS-MAT-ALUMINA","CR","ceramics","density","kg/m^3","mass_volume","","","","","","","","NOT_POPULATED_BY_SOURCE","false"
"PS-MAT-ALUMINA","CR","ceramics","thermal_conductivity","W/(m*K)","heat_flux","","","","","","","","NOT_POPULATED_BY_SOURCE","false"
"PS-MAT-ALUMINA","CR","ceramics","relative_permittivity","1","dielectric_spectroscopy","","","","","","","","NOT_POPULATED_BY_SOURCE","false"
"PS-MAT-ALUMINA","CR","ceramics","dielectric_breakdown_field","V/m","breakdown_test","","","","","","","","NOT_POPULATED_BY_SOURCE","false"
"PS-MAT-ALUMINA","CR","ceramics","flexural_strength","Pa","bend_test","","","","","","","","NOT_POPULATED_BY_SOURCE","false"
"PS-MAT-ALUMINA","CR","ceramics","sinter_linear_shrinkage","1","dimensional_metrology","","","","","","","","NOT_POPULATED_BY_SOURCE","false"
"PS-MAT-ALUMINA","CR","ceramics","coefficient_thermal_expansion","1/K","dilatometry","","","","","","","","NOT_POPULATED_BY_SOURCE","false"
"PS-MAT-ALUMINA","CR","ceramics","surface_roughness","m","profilometry","","","","","","","","NOT_POPULATED_BY_SOURCE","false"
"PS-MAT-ALUMINA","CR","ceramics","water_absorption_fraction","1","mass_gain","","","","","","","","NOT_POPULATED_BY_SOURCE","false"
"PS-MAT-SILICA","CR","ceramics","density","kg/m^3","mass_volume","","","","","","","","NOT_POPULATED_BY_SOURCE","false"
"PS-MAT-SILICA","CR","ceramics","thermal_conductivity","W/(m*K)","heat_flux","","","","","","","","NOT_POPULATED_BY_SOURCE","false"
"PS-MAT-SILICA","CR","ceramics","relative_permittivity","1","dielectric_spectroscopy","","","","","","","","NOT_POPULATED_BY_SOURCE","false"
"PS-MAT-SILICA","CR","ceramics","dielectric_breakdown_field","V/m","breakdown_test","","","","","","","","NOT_POPULATED_BY_SOURCE","false"
"PS-MAT-SILICA","CR","ceramics","flexural_strength","Pa","bend_test","","","","","","","","NOT_POPULATED_BY_SOURCE","false"
"PS-MAT-SILICA","CR","ceramics","sinter_linear_shrinkage","1","dimensional_metrology","","","","","","","","NOT_POPULATED_BY_SOURCE","false"
"PS-MAT-SILICA","CR","ceramics","coefficient_thermal_expansion","1/K","dilatometry","","","","","","","","NOT_POPULATED_BY_SOURCE","false"
"PS-MAT-SILICA","CR","ceramics","surface_roughness","m","profilometry","","","","","","","","NOT_POPULATED_BY_SOURCE","false"
"PS-MAT-SILICA","CR","ceramics","water_absorption_fraction","1","mass_gain","","","","","","","","NOT_POPULATED_BY_SOURCE","false"
"PS-MAT-ZIRCONIA","CR","ceramics","density","kg/m^3","mass_volume","","","","","","","","NOT_POPULATED_BY_SOURCE","false"
"PS-MAT-ZIRCONIA","CR","ceramics","thermal_conductivity","W/(m*K)","heat_flux","","","","","","","","NOT_POPULATED_BY_SOURCE","false"
"PS-MAT-ZIRCONIA","CR","ceramics","relative_permittivity","1","dielectric_spectroscopy","","","","","","","","NOT_POPULATED_BY_SOURCE","false"
"PS-MAT-ZIRCONIA","CR","ceramics","dielectric_breakdown_field","V/m","breakdown_test","","","","","","","","NOT_POPULATED_BY_SOURCE","false"
"PS-MAT-ZIRCONIA","CR","ceramics","flexural_strength","Pa","bend_test","","","","","","","","NOT_POPULATED_BY_SOURCE","false"
"PS-MAT-ZIRCONIA","CR","ceramics","sinter_linear_shrinkage","1","dimensional_metrology","","","","","","","","NOT_POPULATED_BY_SOURCE","false"
"PS-MAT-ZIRCONIA","CR","ceramics","coefficient_thermal_expansion","1/K","dilatometry","","","","","","","","NOT_POPULATED_BY_SOURCE","false"
"PS-MAT-ZIRCONIA","CR","ceramics","surface_roughness","m","profilometry","","","","","","","","NOT_POPULATED_BY_SOURCE","false"
"PS-MAT-ZIRCONIA","CR","ceramics","water_absorption_fraction","1","mass_gain","","","","","","","","NOT_POPULATED_BY_SOURCE","false"
"PS-MAT-BT_CERAMIC","CR","ceramics","density","kg/m^3","mass_volume","","","","","","","","NOT_POPULATED_BY_SOURCE","false"
"PS-MAT-BT_CERAMIC","CR","ceramics","thermal_conductivity","W/(m*K)","heat_flux","","","","","","","","NOT_POPULATED_BY_SOURCE","false"
"PS-MAT-BT_CERAMIC","CR","ceramics","relative_permittivity","1","dielectric_spectroscopy","","","","","","","","NOT_POPULATED_BY_SOURCE","false"
"PS-MAT-BT_CERAMIC","CR","ceramics","dielectric_breakdown_field","V/m","breakdown_test","","","","","","","","NOT_POPULATED_BY_SOURCE","false"
"PS-MAT-BT_CERAMIC","CR","ceramics","flexural_strength","Pa","bend_test","","","","","","","","NOT_POPULATED_BY_SOURCE","false"
"PS-MAT-BT_CERAMIC","CR","ceramics","sinter_linear_shrinkage","1","dimensional_metrology","","","","","","","","NOT_POPULATED_BY_SOURCE","false"
"PS-MAT-BT_CERAMIC","CR","ceramics","coefficient_thermal_expansion","1/K","dilatometry","","","","","","","","NOT_POPULATED_BY_SOURCE","false"
"PS-MAT-BT_CERAMIC","CR","ceramics","surface_roughness","m","profilometry","","","","","","","","NOT_POPULATED_BY_SOURCE","false"
"PS-MAT-BT_CERAMIC","CR","ceramics","water_absorption_fraction","1","mass_gain","","","","","","","","NOT_POPULATED_BY_SOURCE","false"
"PS-MAT-BN_CERAMIC","CR","ceramics","density","kg/m^3","mass_volume","","","","","","","","NOT_POPULATED_BY_SOURCE","false"
"PS-MAT-BN_CERAMIC","CR","ceramics","thermal_conductivity","W/(m*K)","heat_flux","","","","","","","","NOT_POPULATED_BY_SOURCE","false"
"PS-MAT-BN_CERAMIC","CR","ceramics","relative_permittivity","1","dielectric_spectroscopy","","","","","","","","NOT_POPULATED_BY_SOURCE","false"
"PS-MAT-BN_CERAMIC","CR","ceramics","dielectric_breakdown_field","V/m","breakdown_test","","","","","","","","NOT_POPULATED_BY_SOURCE","false"
"PS-MAT-BN_CERAMIC","CR","ceramics","flexural_strength","Pa","bend_test","","","","","","","","NOT_POPULATED_BY_SOURCE","false"
"PS-MAT-BN_CERAMIC","CR","ceramics","sinter_linear_shrinkage","1","dimensional_metrology","","","","","","","","NOT_POPULATED_BY_SOURCE","false"
"PS-MAT-BN_CERAMIC","CR","ceramics","coefficient_thermal_expansion","1/K","dilatometry","","","","","","","","NOT_POPULATED_BY_SOURCE","false"
"PS-MAT-BN_CERAMIC","CR","ceramics","surface_roughness","m","profilometry","","","","","","","","NOT_POPULATED_BY_SOURCE","false"
"PS-MAT-BN_CERAMIC","CR","ceramics","water_absorption_fraction","1","mass_gain","","","","","","","","NOT_POPULATED_BY_SOURCE","false"
"PS-MAT-PLA","TP","thermoplastics","density","kg/m^3","mass_volume","","","","","","","","NOT_POPULATED_BY_SOURCE","false"
"PS-MAT-PLA","TP","thermoplastics","glass_transition_temperature","K","DSC","","","","","","","","NOT_POPULATED_BY_SOURCE","false"
"PS-MAT-PLA","TP","thermoplastics","melting_transition_temperature","K","DSC","","","","","","","","NOT_POPULATED_BY_SOURCE","false"
"PS-MAT-PLA","TP","thermoplastics","extrusion_temperature_history","K","thermometry","","","","","","","","NOT_POPULATED_BY_SOURCE","false"
"PS-MAT-PLA","TP","thermoplastics","tensile_strength","Pa","tensile_test","","","","","","","","NOT_POPULATED_BY_SOURCE","false"
"PS-MAT-PLA","TP","thermoplastics","elastic_modulus","Pa","mechanical_test","","","","","","","","NOT_POPULATED_BY_SOURCE","false"
"PS-MAT-PLA","TP","thermoplastics","creep_strain","1","creep_test","","","","","","","","NOT_POPULATED_BY_SOURCE","false"
"PS-MAT-PLA","TP","thermoplastics","thermal_expansion_coefficient","1/K","dilatometry","","","","","","","","NOT_POPULATED_BY_SOURCE","false"
"PS-MAT-PLA","TP","thermoplastics","moisture_mass_fraction","1","mass_balance","","","","","","","","NOT_POPULATED_BY_SOURCE","false"
"PS-MAT-PETG","TP","thermoplastics","density","kg/m^3","mass_volume","","","","","","","","NOT_POPULATED_BY_SOURCE","false"
"PS-MAT-PETG","TP","thermoplastics","glass_transition_temperature","K","DSC","","","","","","","","NOT_POPULATED_BY_SOURCE","false"
"PS-MAT-PETG","TP","thermoplastics","melting_transition_temperature","K","DSC","","","","","","","","NOT_POPULATED_BY_SOURCE","false"
"PS-MAT-PETG","TP","thermoplastics","extrusion_temperature_history","K","thermometry","","","","","","","","NOT_POPULATED_BY_SOURCE","false"
"PS-MAT-PETG","TP","thermoplastics","tensile_strength","Pa","tensile_test","","","","","","","","NOT_POPULATED_BY_SOURCE","false"
"PS-MAT-PETG","TP","thermoplastics","elastic_modulus","Pa","mechanical_test","","","","","","","","NOT_POPULATED_BY_SOURCE","false"
"PS-MAT-PETG","TP","thermoplastics","creep_strain","1","creep_test","","","","","","","","NOT_POPULATED_BY_SOURCE","false"
"PS-MAT-PETG","TP","thermoplastics","thermal_expansion_coefficient","1/K","dilatometry","","","","","","","","NOT_POPULATED_BY_SOURCE","false"
"PS-MAT-PETG","TP","thermoplastics","moisture_mass_fraction","1","mass_balance","","","","","","","","NOT_POPULATED_BY_SOURCE","false"
"PS-MAT-ABS","TP","thermoplastics","density","kg/m^3","mass_volume","","","","","","","","NOT_POPULATED_BY_SOURCE","false"
"PS-MAT-ABS","TP","thermoplastics","glass_transition_temperature","K","DSC","","","","","","","","NOT_POPULATED_BY_SOURCE","false"
"PS-MAT-ABS","TP","thermoplastics","melting_transition_temperature","K","DSC","","","","","","","","NOT_POPULATED_BY_SOURCE","false"
"PS-MAT-ABS","TP","thermoplastics","extrusion_temperature_history","K","thermometry","","","","","","","","NOT_POPULATED_BY_SOURCE","false"
"PS-MAT-ABS","TP","thermoplastics","tensile_strength","Pa","tensile_test","","","","","","","","NOT_POPULATED_BY_SOURCE","false"
"PS-MAT-ABS","TP","thermoplastics","elastic_modulus","Pa","mechanical_test","","","","","","","","NOT_POPULATED_BY_SOURCE","false"
"PS-MAT-ABS","TP","thermoplastics","creep_strain","1","creep_test","","","","","","","","NOT_POPULATED_BY_SOURCE","false"
"PS-MAT-ABS","TP","thermoplastics","thermal_expansion_coefficient","1/K","dilatometry","","","","","","","","NOT_POPULATED_BY_SOURCE","false"
"PS-MAT-ABS","TP","thermoplastics","moisture_mass_fraction","1","mass_balance","","","","","","","","NOT_POPULATED_BY_SOURCE","false"
"PS-MAT-PA12","TP","thermoplastics","density","kg/m^3","mass_volume","","","","","","","","NOT_POPULATED_BY_SOURCE","false"
"PS-MAT-PA12","TP","thermoplastics","glass_transition_temperature","K","DSC","","","","","","","","NOT_POPULATED_BY_SOURCE","false"
"PS-MAT-PA12","TP","thermoplastics","melting_transition_temperature","K","DSC","","","","","","","","NOT_POPULATED_BY_SOURCE","false"
"PS-MAT-PA12","TP","thermoplastics","extrusion_temperature_history","K","thermometry","","","","","","","","NOT_POPULATED_BY_SOURCE","false"
"PS-MAT-PA12","TP","thermoplastics","tensile_strength","Pa","tensile_test","","","","","","","","NOT_POPULATED_BY_SOURCE","false"
"PS-MAT-PA12","TP","thermoplastics","elastic_modulus","Pa","mechanical_test","","","","","","","","NOT_POPULATED_BY_SOURCE","false"
"PS-MAT-PA12","TP","thermoplastics","creep_strain","1","creep_test","","","","","","","","NOT_POPULATED_BY_SOURCE","false"
"PS-MAT-PA12","TP","thermoplastics","thermal_expansion_coefficient","1/K","dilatometry","","","","","","","","NOT_POPULATED_BY_SOURCE","false"
"PS-MAT-PA12","TP","thermoplastics","moisture_mass_fraction","1","mass_balance","","","","","","","","NOT_POPULATED_BY_SOURCE","false"
"PS-MAT-PEEK","TP","thermoplastics","density","kg/m^3","mass_volume","","","","","","","","NOT_POPULATED_BY_SOURCE","false"
"PS-MAT-PEEK","TP","thermoplastics","glass_transition_temperature","K","DSC","","","","","","","","NOT_POPULATED_BY_SOURCE","false"
"PS-MAT-PEEK","TP","thermoplastics","melting_transition_temperature","K","DSC","","","","","","","","NOT_POPULATED_BY_SOURCE","false"
"PS-MAT-PEEK","TP","thermoplastics","extrusion_temperature_history","K","thermometry","","","","","","","","NOT_POPULATED_BY_SOURCE","false"
"PS-MAT-PEEK","TP","thermoplastics","tensile_strength","Pa","tensile_test","","","","","","","","NOT_POPULATED_BY_SOURCE","false"
"PS-MAT-PEEK","TP","thermoplastics","elastic_modulus","Pa","mechanical_test","","","","","","","","NOT_POPULATED_BY_SOURCE","false"
"PS-MAT-PEEK","TP","thermoplastics","creep_strain","1","creep_test","","","","","","","","NOT_POPULATED_BY_SOURCE","false"
"PS-MAT-PEEK","TP","thermoplastics","thermal_expansion_coefficient","1/K","dilatometry","","","","","","","","NOT_POPULATED_BY_SOURCE","false"
"PS-MAT-PEEK","TP","thermoplastics","moisture_mass_fraction","1","mass_balance","","","","","","","","NOT_POPULATED_BY_SOURCE","false"
"PS-MAT-PP","TP","thermoplastics","density","kg/m^3","mass_volume","","","","","","","","NOT_POPULATED_BY_SOURCE","false"
"PS-MAT-PP","TP","thermoplastics","glass_transition_temperature","K","DSC","","","","","","","","NOT_POPULATED_BY_SOURCE","false"
"PS-MAT-PP","TP","thermoplastics","melting_transition_temperature","K","DSC","","","","","","","","NOT_POPULATED_BY_SOURCE","false"
"PS-MAT-PP","TP","thermoplastics","extrusion_temperature_history","K","thermometry","","","","","","","","NOT_POPULATED_BY_SOURCE","false"
"PS-MAT-PP","TP","thermoplastics","tensile_strength","Pa","tensile_test","","","","","","","","NOT_POPULATED_BY_SOURCE","false"
"PS-MAT-PP","TP","thermoplastics","elastic_modulus","Pa","mechanical_test","","","","","","","","NOT_POPULATED_BY_SOURCE","false"
"PS-MAT-PP","TP","thermoplastics","creep_strain","1","creep_test","","","","","","","","NOT_POPULATED_BY_SOURCE","false"
"PS-MAT-PP","TP","thermoplastics","thermal_expansion_coefficient","1/K","dilatometry","","","","","","","","NOT_POPULATED_BY_SOURCE","false"
"PS-MAT-PP","TP","thermoplastics","moisture_mass_fraction","1","mass_balance","","","","","","","","NOT_POPULATED_BY_SOURCE","false"
"PS-MAT-ACRYLATE","RS","resins","density","kg/m^3","mass_volume","","","","","","","","NOT_POPULATED_BY_SOURCE","false"
"PS-MAT-ACRYLATE","RS","resins","degree_of_cure","1","spectroscopy","","","","","","","","NOT_POPULATED_BY_SOURCE","false"
"PS-MAT-ACRYLATE","RS","resins","gelation_time","s","rheometry","","","","","","","","NOT_POPULATED_BY_SOURCE","false"
"PS-MAT-ACRYLATE","RS","resins","exotherm_peak_temperature","K","thermal_analysis","","","","","","","","NOT_POPULATED_BY_SOURCE","false"
"PS-MAT-ACRYLATE","RS","resins","glass_transition_temperature","K","DSC","","","","","","","","NOT_POPULATED_BY_SOURCE","false"
"PS-MAT-ACRYLATE","RS","resins","tensile_strength","Pa","tensile_test","","","","","","","","NOT_POPULATED_BY_SOURCE","false"
"PS-MAT-ACRYLATE","RS","resins","volume_shrinkage_fraction","1","dilatometry","","","","","","","","NOT_POPULATED_BY_SOURCE","false"
"PS-MAT-ACRYLATE","RS","resins","UV_exposure_dose","J/m^2","radiometry","","","","","","","","NOT_POPULATED_BY_SOURCE","false"
"PS-MAT-ACRYLATE","RS","resins","residual_monomer_mass_fraction","1","chemical_assay","","","","","","","","NOT_POPULATED_BY_SOURCE","false"
"PS-MAT-EPOXY","RS","resins","density","kg/m^3","mass_volume","","","","","","","","NOT_POPULATED_BY_SOURCE","false"
"PS-MAT-EPOXY","RS","resins","degree_of_cure","1","spectroscopy","","","","","","","","NOT_POPULATED_BY_SOURCE","false"
"PS-MAT-EPOXY","RS","resins","gelation_time","s","rheometry","","","","","","","","NOT_POPULATED_BY_SOURCE","false"
"PS-MAT-EPOXY","RS","resins","exotherm_peak_temperature","K","thermal_analysis","","","","","","","","NOT_POPULATED_BY_SOURCE","false"
"PS-MAT-EPOXY","RS","resins","glass_transition_temperature","K","DSC","","","","","","","","NOT_POPULATED_BY_SOURCE","false"
"PS-MAT-EPOXY","RS","resins","tensile_strength","Pa","tensile_test","","","","","","","","NOT_POPULATED_BY_SOURCE","false"
"PS-MAT-EPOXY","RS","resins","volume_shrinkage_fraction","1","dilatometry","","","","","","","","NOT_POPULATED_BY_SOURCE","false"
"PS-MAT-EPOXY","RS","resins","UV_exposure_dose","J/m^2","radiometry","","","","","","","","NOT_POPULATED_BY_SOURCE","false"
"PS-MAT-EPOXY","RS","resins","residual_monomer_mass_fraction","1","chemical_assay","","","","","","","","NOT_POPULATED_BY_SOURCE","false"
"PS-MAT-SILICONE_RESIN","RS","resins","density","kg/m^3","mass_volume","","","","","","","","NOT_POPULATED_BY_SOURCE","false"
"PS-MAT-SILICONE_RESIN","RS","resins","degree_of_cure","1","spectroscopy","","","","","","","","NOT_POPULATED_BY_SOURCE","false"
"PS-MAT-SILICONE_RESIN","RS","resins","gelation_time","s","rheometry","","","","","","","","NOT_POPULATED_BY_SOURCE","false"
"PS-MAT-SILICONE_RESIN","RS","resins","exotherm_peak_temperature","K","thermal_analysis","","","","","","","","NOT_POPULATED_BY_SOURCE","false"
"PS-MAT-SILICONE_RESIN","RS","resins","glass_transition_temperature","K","DSC","","","","","","","","NOT_POPULATED_BY_SOURCE","false"
"PS-MAT-SILICONE_RESIN","RS","resins","tensile_strength","Pa","tensile_test","","","","","","","","NOT_POPULATED_BY_SOURCE","false"
"PS-MAT-SILICONE_RESIN","RS","resins","volume_shrinkage_fraction","1","dilatometry","","","","","","","","NOT_POPULATED_BY_SOURCE","false"
"PS-MAT-SILICONE_RESIN","RS","resins","UV_exposure_dose","J/m^2","radiometry","","","","","","","","NOT_POPULATED_BY_SOURCE","false"
"PS-MAT-SILICONE_RESIN","RS","resins","residual_monomer_mass_fraction","1","chemical_assay","","","","","","","","NOT_POPULATED_BY_SOURCE","false"
"PS-MAT-TPU","EL","elastomers","density","kg/m^3","mass_volume","","","","","","","","NOT_POPULATED_BY_SOURCE","false"
"PS-MAT-TPU","EL","elastomers","elastic_modulus","Pa","mechanical_test","","","","","","","","NOT_POPULATED_BY_SOURCE","false"
"PS-MAT-TPU","EL","elastomers","elongation_at_break","1","tensile_test","","","","","","","","NOT_POPULATED_BY_SOURCE","false"
"PS-MAT-TPU","EL","elastomers","compression_set","1","compression_test","","","","","","","","NOT_POPULATED_BY_SOURCE","false"
"PS-MAT-TPU","EL","elastomers","cyclic_fatigue_life","cycle","fatigue_test","","","","","","","","NOT_POPULATED_BY_SOURCE","false"
"PS-MAT-TPU","EL","elastomers","loss_factor","1","DMA","","","","","","","","NOT_POPULATED_BY_SOURCE","false"
"PS-MAT-TPU","EL","elastomers","bond_strength","Pa","qualified_adhesion_test","","","","","","","","NOT_POPULATED_BY_SOURCE","false"
"PS-MAT-TPU","EL","elastomers","swelling_mass_fraction","1","chemical_exposure","","","","","","","","NOT_POPULATED_BY_SOURCE","false"
"PS-MAT-TPU","EL","elastomers","creep_strain","1","creep_test","","","","","","","","NOT_POPULATED_BY_SOURCE","false"
"PS-MAT-PDMS","EL","elastomers","density","kg/m^3","mass_volume","","","","","","","","NOT_POPULATED_BY_SOURCE","false"
"PS-MAT-PDMS","EL","elastomers","elastic_modulus","Pa","mechanical_test","","","","","","","","NOT_POPULATED_BY_SOURCE","false"
"PS-MAT-PDMS","EL","elastomers","elongation_at_break","1","tensile_test","","","","","","","","NOT_POPULATED_BY_SOURCE","false"
"PS-MAT-PDMS","EL","elastomers","compression_set","1","compression_test","","","","","","","","NOT_POPULATED_BY_SOURCE","false"
"PS-MAT-PDMS","EL","elastomers","cyclic_fatigue_life","cycle","fatigue_test","","","","","","","","NOT_POPULATED_BY_SOURCE","false"
"PS-MAT-PDMS","EL","elastomers","loss_factor","1","DMA","","","","","","","","NOT_POPULATED_BY_SOURCE","false"
"PS-MAT-PDMS","EL","elastomers","bond_strength","Pa","qualified_adhesion_test","","","","","","","","NOT_POPULATED_BY_SOURCE","false"
"PS-MAT-PDMS","EL","elastomers","swelling_mass_fraction","1","chemical_exposure","","","","","","","","NOT_POPULATED_BY_SOURCE","false"
"PS-MAT-PDMS","EL","elastomers","creep_strain","1","creep_test","","","","","","","","NOT_POPULATED_BY_SOURCE","false"
"PS-MAT-SILICONE_E","EL","elastomers","density","kg/m^3","mass_volume","","","","","","","","NOT_POPULATED_BY_SOURCE","false"
"PS-MAT-SILICONE_E","EL","elastomers","elastic_modulus","Pa","mechanical_test","","","","","","","","NOT_POPULATED_BY_SOURCE","false"
"PS-MAT-SILICONE_E","EL","elastomers","elongation_at_break","1","tensile_test","","","","","","","","NOT_POPULATED_BY_SOURCE","false"
"PS-MAT-SILICONE_E","EL","elastomers","compression_set","1","compression_test","","","","","","","","NOT_POPULATED_BY_SOURCE","false"
"PS-MAT-SILICONE_E","EL","elastomers","cyclic_fatigue_life","cycle","fatigue_test","","","","","","","","NOT_POPULATED_BY_SOURCE","false"
"PS-MAT-SILICONE_E","EL","elastomers","loss_factor","1","DMA","","","","","","","","NOT_POPULATED_BY_SOURCE","false"
"PS-MAT-SILICONE_E","EL","elastomers","bond_strength","Pa","qualified_adhesion_test","","","","","","","","NOT_POPULATED_BY_SOURCE","false"
"PS-MAT-SILICONE_E","EL","elastomers","swelling_mass_fraction","1","chemical_exposure","","","","","","","","NOT_POPULATED_BY_SOURCE","false"
"PS-MAT-SILICONE_E","EL","elastomers","creep_strain","1","creep_test","","","","","","","","NOT_POPULATED_BY_SOURCE","false"
"PS-MAT-HYDROGEL_E","EL","elastomers","density","kg/m^3","mass_volume","","","","","","","","NOT_POPULATED_BY_SOURCE","false"
"PS-MAT-HYDROGEL_E","EL","elastomers","elastic_modulus","Pa","mechanical_test","","","","","","","","NOT_POPULATED_BY_SOURCE","false"
"PS-MAT-HYDROGEL_E","EL","elastomers","elongation_at_break","1","tensile_test","","","","","","","","NOT_POPULATED_BY_SOURCE","false"
"PS-MAT-HYDROGEL_E","EL","elastomers","compression_set","1","compression_test","","","","","","","","NOT_POPULATED_BY_SOURCE","false"
"PS-MAT-HYDROGEL_E","EL","elastomers","cyclic_fatigue_life","cycle","fatigue_test","","","","","","","","NOT_POPULATED_BY_SOURCE","false"
"PS-MAT-HYDROGEL_E","EL","elastomers","loss_factor","1","DMA","","","","","","","","NOT_POPULATED_BY_SOURCE","false"
"PS-MAT-HYDROGEL_E","EL","elastomers","bond_strength","Pa","qualified_adhesion_test","","","","","","","","NOT_POPULATED_BY_SOURCE","false"
"PS-MAT-HYDROGEL_E","EL","elastomers","swelling_mass_fraction","1","chemical_exposure","","","","","","","","NOT_POPULATED_BY_SOURCE","false"
"PS-MAT-HYDROGEL_E","EL","elastomers","creep_strain","1","creep_test","","","","","","","","NOT_POPULATED_BY_SOURCE","false"
"PS-MAT-AG_INK","CI","conductive inks","sheet_resistance","ohm/square","four_probe","","","","","","","","NOT_POPULATED_BY_SOURCE","false"
"PS-MAT-AG_INK","CI","conductive inks","bulk_electrical_conductivity","S/m","geometry_resolved_measurement","","","","","","","","NOT_POPULATED_BY_SOURCE","false"
"PS-MAT-AG_INK","CI","conductive inks","trace_width","m","microscopy","","","","","","","","NOT_POPULATED_BY_SOURCE","false"
"PS-MAT-AG_INK","CI","conductive inks","trace_thickness","m","profilometry","","","","","","","","NOT_POPULATED_BY_SOURCE","false"
"PS-MAT-AG_INK","CI","conductive inks","contact_resistance","ohm","four_terminal","","","","","","","","NOT_POPULATED_BY_SOURCE","false"
"PS-MAT-AG_INK","CI","conductive inks","current_density_limit","A/m^2","thermal_current_test","","","","","","","","NOT_POPULATED_BY_SOURCE","false"
"PS-MAT-AG_INK","CI","conductive inks","activation_temperature_history","K","thermal_probe","","","","","","","","NOT_POPULATED_BY_SOURCE","false"
"PS-MAT-AG_INK","CI","conductive inks","surface_oxidation_fraction","1","surface_chemistry","","","","","","","","NOT_POPULATED_BY_SOURCE","false"
"PS-MAT-AG_INK","CI","conductive inks","adhesion_strength","Pa","qualified_bond_test","","","","","","","","NOT_POPULATED_BY_SOURCE","false"
"PS-MAT-CU_INK","CI","conductive inks","sheet_resistance","ohm/square","four_probe","","","","","","","","NOT_POPULATED_BY_SOURCE","false"
"PS-MAT-CU_INK","CI","conductive inks","bulk_electrical_conductivity","S/m","geometry_resolved_measurement","","","","","","","","NOT_POPULATED_BY_SOURCE","false"
"PS-MAT-CU_INK","CI","conductive inks","trace_width","m","microscopy","","","","","","","","NOT_POPULATED_BY_SOURCE","false"
"PS-MAT-CU_INK","CI","conductive inks","trace_thickness","m","profilometry","","","","","","","","NOT_POPULATED_BY_SOURCE","false"
"PS-MAT-CU_INK","CI","conductive inks","contact_resistance","ohm","four_terminal","","","","","","","","NOT_POPULATED_BY_SOURCE","false"
"PS-MAT-CU_INK","CI","conductive inks","current_density_limit","A/m^2","thermal_current_test","","","","","","","","NOT_POPULATED_BY_SOURCE","false"
"PS-MAT-CU_INK","CI","conductive inks","activation_temperature_history","K","thermal_probe","","","","","","","","NOT_POPULATED_BY_SOURCE","false"
"PS-MAT-CU_INK","CI","conductive inks","surface_oxidation_fraction","1","surface_chemistry","","","","","","","","NOT_POPULATED_BY_SOURCE","false"
"PS-MAT-CU_INK","CI","conductive inks","adhesion_strength","Pa","qualified_bond_test","","","","","","","","NOT_POPULATED_BY_SOURCE","false"
"PS-MAT-CARBON_INK","CI","conductive inks","sheet_resistance","ohm/square","four_probe","","","","","","","","NOT_POPULATED_BY_SOURCE","false"
"PS-MAT-CARBON_INK","CI","conductive inks","bulk_electrical_conductivity","S/m","geometry_resolved_measurement","","","","","","","","NOT_POPULATED_BY_SOURCE","false"
"PS-MAT-CARBON_INK","CI","conductive inks","trace_width","m","microscopy","","","","","","","","NOT_POPULATED_BY_SOURCE","false"
"PS-MAT-CARBON_INK","CI","conductive inks","trace_thickness","m","profilometry","","","","","","","","NOT_POPULATED_BY_SOURCE","false"
"PS-MAT-CARBON_INK","CI","conductive inks","contact_resistance","ohm","four_terminal","","","","","","","","NOT_POPULATED_BY_SOURCE","false"
"PS-MAT-CARBON_INK","CI","conductive inks","current_density_limit","A/m^2","thermal_current_test","","","","","","","","NOT_POPULATED_BY_SOURCE","false"
"PS-MAT-CARBON_INK","CI","conductive inks","activation_temperature_history","K","thermal_probe","","","","","","","","NOT_POPULATED_BY_SOURCE","false"
"PS-MAT-CARBON_INK","CI","conductive inks","surface_oxidation_fraction","1","surface_chemistry","","","","","","","","NOT_POPULATED_BY_SOURCE","false"
"PS-MAT-CARBON_INK","CI","conductive inks","adhesion_strength","Pa","qualified_bond_test","","","","","","","","NOT_POPULATED_BY_SOURCE","false"
"PS-MAT-GRAPHENE_INK","CI","conductive inks","sheet_resistance","ohm/square","four_probe","","","","","","","","NOT_POPULATED_BY_SOURCE","false"
"PS-MAT-GRAPHENE_INK","CI","conductive inks","bulk_electrical_conductivity","S/m","geometry_resolved_measurement","","","","","","","","NOT_POPULATED_BY_SOURCE","false"
"PS-MAT-GRAPHENE_INK","CI","conductive inks","trace_width","m","microscopy","","","","","","","","NOT_POPULATED_BY_SOURCE","false"
"PS-MAT-GRAPHENE_INK","CI","conductive inks","trace_thickness","m","profilometry","","","","","","","","NOT_POPULATED_BY_SOURCE","false"
"PS-MAT-GRAPHENE_INK","CI","conductive inks","contact_resistance","ohm","four_terminal","","","","","","","","NOT_POPULATED_BY_SOURCE","false"
"PS-MAT-GRAPHENE_INK","CI","conductive inks","current_density_limit","A/m^2","thermal_current_test","","","","","","","","NOT_POPULATED_BY_SOURCE","false"
"PS-MAT-GRAPHENE_INK","CI","conductive inks","activation_temperature_history","K","thermal_probe","","","","","","","","NOT_POPULATED_BY_SOURCE","false"
"PS-MAT-GRAPHENE_INK","CI","conductive inks","surface_oxidation_fraction","1","surface_chemistry","","","","","","","","NOT_POPULATED_BY_SOURCE","false"
"PS-MAT-GRAPHENE_INK","CI","conductive inks","adhesion_strength","Pa","qualified_bond_test","","","","","","","","NOT_POPULATED_BY_SOURCE","false"
"PS-MAT-PEDOT_PSS","CI","conductive inks","sheet_resistance","ohm/square","four_probe","","","","","","","","NOT_POPULATED_BY_SOURCE","false"
"PS-MAT-PEDOT_PSS","CI","conductive inks","bulk_electrical_conductivity","S/m","geometry_resolved_measurement","","","","","","","","NOT_POPULATED_BY_SOURCE","false"
"PS-MAT-PEDOT_PSS","CI","conductive inks","trace_width","m","microscopy","","","","","","","","NOT_POPULATED_BY_SOURCE","false"
"PS-MAT-PEDOT_PSS","CI","conductive inks","trace_thickness","m","profilometry","","","","","","","","NOT_POPULATED_BY_SOURCE","false"
"PS-MAT-PEDOT_PSS","CI","conductive inks","contact_resistance","ohm","four_terminal","","","","","","","","NOT_POPULATED_BY_SOURCE","false"
"PS-MAT-PEDOT_PSS","CI","conductive inks","current_density_limit","A/m^2","thermal_current_test","","","","","","","","NOT_POPULATED_BY_SOURCE","false"
"PS-MAT-PEDOT_PSS","CI","conductive inks","activation_temperature_history","K","thermal_probe","","","","","","","","NOT_POPULATED_BY_SOURCE","false"
"PS-MAT-PEDOT_PSS","CI","conductive inks","surface_oxidation_fraction","1","surface_chemistry","","","","","","","","NOT_POPULATED_BY_SOURCE","false"
"PS-MAT-PEDOT_PSS","CI","conductive inks","adhesion_strength","Pa","qualified_bond_test","","","","","","","","NOT_POPULATED_BY_SOURCE","false"
"PS-MAT-DIEL_UV","DE","dielectrics","relative_permittivity","1","dielectric_spectroscopy","","","","","","","","NOT_POPULATED_BY_SOURCE","false"
"PS-MAT-DIEL_UV","DE","dielectrics","loss_tangent","1","dielectric_spectroscopy","","","","","","","","NOT_POPULATED_BY_SOURCE","false"
"PS-MAT-DIEL_UV","DE","dielectrics","dielectric_breakdown_field","V/m","breakdown_test","","","","","","","","NOT_POPULATED_BY_SOURCE","false"
"PS-MAT-DIEL_UV","DE","dielectrics","leakage_current","A","electrical_test","","","","","","","","NOT_POPULATED_BY_SOURCE","false"
"PS-MAT-DIEL_UV","DE","dielectrics","coating_thickness","m","profilometry","","","","","","","","NOT_POPULATED_BY_SOURCE","false"
"PS-MAT-DIEL_UV","DE","dielectrics","pinhole_areal_density","1/m^2","defect_metrology","","","","","","","","NOT_POPULATED_BY_SOURCE","false"
"PS-MAT-DIEL_UV","DE","dielectrics","water_vapour_transmission","kg/(m^2*s)","permeation_test","","","","","","","","NOT_POPULATED_BY_SOURCE","false"
"PS-MAT-DIEL_UV","DE","dielectrics","coating_cure_fraction","1","spectroscopy","","","","","","","","NOT_POPULATED_BY_SOURCE","false"
"PS-MAT-DIEL_UV","DE","dielectrics","adhesion_strength","Pa","qualified_bond_test","","","","","","","","NOT_POPULATED_BY_SOURCE","false"
"PS-MAT-DIEL_EPOXY","DE","dielectrics","relative_permittivity","1","dielectric_spectroscopy","","","","","","","","NOT_POPULATED_BY_SOURCE","false"
"PS-MAT-DIEL_EPOXY","DE","dielectrics","loss_tangent","1","dielectric_spectroscopy","","","","","","","","NOT_POPULATED_BY_SOURCE","false"
"PS-MAT-DIEL_EPOXY","DE","dielectrics","dielectric_breakdown_field","V/m","breakdown_test","","","","","","","","NOT_POPULATED_BY_SOURCE","false"
"PS-MAT-DIEL_EPOXY","DE","dielectrics","leakage_current","A","electrical_test","","","","","","","","NOT_POPULATED_BY_SOURCE","false"
"PS-MAT-DIEL_EPOXY","DE","dielectrics","coating_thickness","m","profilometry","","","","","","","","NOT_POPULATED_BY_SOURCE","false"
"PS-MAT-DIEL_EPOXY","DE","dielectrics","pinhole_areal_density","1/m^2","defect_metrology","","","","","","","","NOT_POPULATED_BY_SOURCE","false"
"PS-MAT-DIEL_EPOXY","DE","dielectrics","water_vapour_transmission","kg/(m^2*s)","permeation_test","","","","","","","","NOT_POPULATED_BY_SOURCE","false"
"PS-MAT-DIEL_EPOXY","DE","dielectrics","coating_cure_fraction","1","spectroscopy","","","","","","","","NOT_POPULATED_BY_SOURCE","false"
"PS-MAT-DIEL_EPOXY","DE","dielectrics","adhesion_strength","Pa","qualified_bond_test","","","","","","","","NOT_POPULATED_BY_SOURCE","false"
"PS-MAT-POLYIMIDE","DE","dielectrics","relative_permittivity","1","dielectric_spectroscopy","","","","","","","","NOT_POPULATED_BY_SOURCE","false"
"PS-MAT-POLYIMIDE","DE","dielectrics","loss_tangent","1","dielectric_spectroscopy","","","","","","","","NOT_POPULATED_BY_SOURCE","false"
"PS-MAT-POLYIMIDE","DE","dielectrics","dielectric_breakdown_field","V/m","breakdown_test","","","","","","","","NOT_POPULATED_BY_SOURCE","false"
"PS-MAT-POLYIMIDE","DE","dielectrics","leakage_current","A","electrical_test","","","","","","","","NOT_POPULATED_BY_SOURCE","false"
"PS-MAT-POLYIMIDE","DE","dielectrics","coating_thickness","m","profilometry","","","","","","","","NOT_POPULATED_BY_SOURCE","false"
"PS-MAT-POLYIMIDE","DE","dielectrics","pinhole_areal_density","1/m^2","defect_metrology","","","","","","","","NOT_POPULATED_BY_SOURCE","false"
"PS-MAT-POLYIMIDE","DE","dielectrics","water_vapour_transmission","kg/(m^2*s)","permeation_test","","","","","","","","NOT_POPULATED_BY_SOURCE","false"
"PS-MAT-POLYIMIDE","DE","dielectrics","coating_cure_fraction","1","spectroscopy","","","","","","","","NOT_POPULATED_BY_SOURCE","false"
"PS-MAT-POLYIMIDE","DE","dielectrics","adhesion_strength","Pa","qualified_bond_test","","","","","","","","NOT_POPULATED_BY_SOURCE","false"
"PS-MAT-PARylene","DE","dielectrics","relative_permittivity","1","dielectric_spectroscopy","","","","","","","","NOT_POPULATED_BY_SOURCE","false"
"PS-MAT-PARylene","DE","dielectrics","loss_tangent","1","dielectric_spectroscopy","","","","","","","","NOT_POPULATED_BY_SOURCE","false"
"PS-MAT-PARylene","DE","dielectrics","dielectric_breakdown_field","V/m","breakdown_test","","","","","","","","NOT_POPULATED_BY_SOURCE","false"
"PS-MAT-PARylene","DE","dielectrics","leakage_current","A","electrical_test","","","","","","","","NOT_POPULATED_BY_SOURCE","false"
"PS-MAT-PARylene","DE","dielectrics","coating_thickness","m","profilometry","","","","","","","","NOT_POPULATED_BY_SOURCE","false"
"PS-MAT-PARylene","DE","dielectrics","pinhole_areal_density","1/m^2","defect_metrology","","","","","","","","NOT_POPULATED_BY_SOURCE","false"
"PS-MAT-PARylene","DE","dielectrics","water_vapour_transmission","kg/(m^2*s)","permeation_test","","","","","","","","NOT_POPULATED_BY_SOURCE","false"
"PS-MAT-PARylene","DE","dielectrics","coating_cure_fraction","1","spectroscopy","","","","","","","","NOT_POPULATED_BY_SOURCE","false"
"PS-MAT-PARylene","DE","dielectrics","adhesion_strength","Pa","qualified_bond_test","","","","","","","","NOT_POPULATED_BY_SOURCE","false"
"PS-MAT-FERRITE_PASTE","MG","magnetics","remanent_flux_density","T","hysteresis_loop","","","","","","","","NOT_POPULATED_BY_SOURCE","false"
"PS-MAT-FERRITE_PASTE","MG","magnetics","coercive_field","A/m","hysteresis_loop","","","","","","","","NOT_POPULATED_BY_SOURCE","false"
"PS-MAT-FERRITE_PASTE","MG","magnetics","relative_permeability","1","inductance_and_geometry","","","","","","","","NOT_POPULATED_BY_SOURCE","false"
"PS-MAT-FERRITE_PASTE","MG","magnetics","saturation_magnetic_flux_density","T","B_H_loop","","","","","","","","NOT_POPULATED_BY_SOURCE","false"
"PS-MAT-FERRITE_PASTE","MG","magnetics","core_loss_per_mass","W/kg","AC_core_test","","","","","","","","NOT_POPULATED_BY_SOURCE","false"
"PS-MAT-FERRITE_PASTE","MG","magnetics","resistivity","ohm*m","four_probe","","","","","","","","NOT_POPULATED_BY_SOURCE","false"
"PS-MAT-FERRITE_PASTE","MG","magnetics","particle_orientation_error","rad","magnetic_orient_metrology","","","","","","","","NOT_POPULATED_BY_SOURCE","false"
"PS-MAT-FERRITE_PASTE","MG","magnetics","temperature_coefficient_flux","1/K","thermal_magnetic_test","","","","","","","","NOT_POPULATED_BY_SOURCE","false"
"PS-MAT-FERRITE_PASTE","MG","magnetics","interlayer_adhesion","Pa","adhesion_test","","","","","","","","NOT_POPULATED_BY_SOURCE","false"
"PS-MAT-NDFEB_BONDED","MG","magnetics","remanent_flux_density","T","hysteresis_loop","","","","","","","","NOT_POPULATED_BY_SOURCE","false"
"PS-MAT-NDFEB_BONDED","MG","magnetics","coercive_field","A/m","hysteresis_loop","","","","","","","","NOT_POPULATED_BY_SOURCE","false"
"PS-MAT-NDFEB_BONDED","MG","magnetics","relative_permeability","1","inductance_and_geometry","","","","","","","","NOT_POPULATED_BY_SOURCE","false"
"PS-MAT-NDFEB_BONDED","MG","magnetics","saturation_magnetic_flux_density","T","B_H_loop","","","","","","","","NOT_POPULATED_BY_SOURCE","false"
"PS-MAT-NDFEB_BONDED","MG","magnetics","core_loss_per_mass","W/kg","AC_core_test","","","","","","","","NOT_POPULATED_BY_SOURCE","false"
"PS-MAT-NDFEB_BONDED","MG","magnetics","resistivity","ohm*m","four_probe","","","","","","","","NOT_POPULATED_BY_SOURCE","false"
"PS-MAT-NDFEB_BONDED","MG","magnetics","particle_orientation_error","rad","magnetic_orient_metrology","","","","","","","","NOT_POPULATED_BY_SOURCE","false"
"PS-MAT-NDFEB_BONDED","MG","magnetics","temperature_coefficient_flux","1/K","thermal_magnetic_test","","","","","","","","NOT_POPULATED_BY_SOURCE","false"
"PS-MAT-NDFEB_BONDED","MG","magnetics","interlayer_adhesion","Pa","adhesion_test","","","","","","","","NOT_POPULATED_BY_SOURCE","false"
"PS-MAT-IRON_COMPOSITE","MG","magnetics","remanent_flux_density","T","hysteresis_loop","","","","","","","","NOT_POPULATED_BY_SOURCE","false"
"PS-MAT-IRON_COMPOSITE","MG","magnetics","coercive_field","A/m","hysteresis_loop","","","","","","","","NOT_POPULATED_BY_SOURCE","false"
"PS-MAT-IRON_COMPOSITE","MG","magnetics","relative_permeability","1","inductance_and_geometry","","","","","","","","NOT_POPULATED_BY_SOURCE","false"
"PS-MAT-IRON_COMPOSITE","MG","magnetics","saturation_magnetic_flux_density","T","B_H_loop","","","","","","","","NOT_POPULATED_BY_SOURCE","false"
"PS-MAT-IRON_COMPOSITE","MG","magnetics","core_loss_per_mass","W/kg","AC_core_test","","","","","","","","NOT_POPULATED_BY_SOURCE","false"
"PS-MAT-IRON_COMPOSITE","MG","magnetics","resistivity","ohm*m","four_probe","","","","","","","","NOT_POPULATED_BY_SOURCE","false"
"PS-MAT-IRON_COMPOSITE","MG","magnetics","particle_orientation_error","rad","magnetic_orient_metrology","","","","","","","","NOT_POPULATED_BY_SOURCE","false"
"PS-MAT-IRON_COMPOSITE","MG","magnetics","temperature_coefficient_flux","1/K","thermal_magnetic_test","","","","","","","","NOT_POPULATED_BY_SOURCE","false"
"PS-MAT-IRON_COMPOSITE","MG","magnetics","interlayer_adhesion","Pa","adhesion_test","","","","","","","","NOT_POPULATED_BY_SOURCE","false"
"PS-MAT-OPTICAL_RESIN","OP","optics","refractive_index","1","refractometry","","","","","","","","NOT_POPULATED_BY_SOURCE","false"
"PS-MAT-OPTICAL_RESIN","OP","optics","optical_transmittance","1","spectrophotometry","","","","","","","","NOT_POPULATED_BY_SOURCE","false"
"PS-MAT-OPTICAL_RESIN","OP","optics","optical_attenuation_coefficient","1/m","optical_loss_test","","","","","","","","NOT_POPULATED_BY_SOURCE","false"
"PS-MAT-OPTICAL_RESIN","OP","optics","haze_fraction","1","optical_scatter_test","","","","","","","","NOT_POPULATED_BY_SOURCE","false"
"PS-MAT-OPTICAL_RESIN","OP","optics","surface_roughness","m","profilometry","","","","","","","","NOT_POPULATED_BY_SOURCE","false"
"PS-MAT-OPTICAL_RESIN","OP","optics","waveguide_alignment_error","rad","optical_metrology","","","","","","","","NOT_POPULATED_BY_SOURCE","false"
"PS-MAT-OPTICAL_RESIN","OP","optics","thermal_expansion_coefficient","1/K","dilatometry","","","","","","","","NOT_POPULATED_BY_SOURCE","false"
"PS-MAT-OPTICAL_RESIN","OP","optics","spectral_response_peak","m","spectrometer","","","","","","","","NOT_POPULATED_BY_SOURCE","false"
"PS-MAT-OPTICAL_RESIN","OP","optics","interface_adhesion","Pa","bond_test","","","","","","","","NOT_POPULATED_BY_SOURCE","false"
"PS-MAT-PMMA","OP","optics","refractive_index","1","refractometry","","","","","","","","NOT_POPULATED_BY_SOURCE","false"
"PS-MAT-PMMA","OP","optics","optical_transmittance","1","spectrophotometry","","","","","","","","NOT_POPULATED_BY_SOURCE","false"
"PS-MAT-PMMA","OP","optics","optical_attenuation_coefficient","1/m","optical_loss_test","","","","","","","","NOT_POPULATED_BY_SOURCE","false"
"PS-MAT-PMMA","OP","optics","haze_fraction","1","optical_scatter_test","","","","","","","","NOT_POPULATED_BY_SOURCE","false"
"PS-MAT-PMMA","OP","optics","surface_roughness","m","profilometry","","","","","","","","NOT_POPULATED_BY_SOURCE","false"
"PS-MAT-PMMA","OP","optics","waveguide_alignment_error","rad","optical_metrology","","","","","","","","NOT_POPULATED_BY_SOURCE","false"
"PS-MAT-PMMA","OP","optics","thermal_expansion_coefficient","1/K","dilatometry","","","","","","","","NOT_POPULATED_BY_SOURCE","false"
"PS-MAT-PMMA","OP","optics","spectral_response_peak","m","spectrometer","","","","","","","","NOT_POPULATED_BY_SOURCE","false"
"PS-MAT-PMMA","OP","optics","interface_adhesion","Pa","bond_test","","","","","","","","NOT_POPULATED_BY_SOURCE","false"
"PS-MAT-FUSED_SILICA","OP","optics","refractive_index","1","refractometry","","","","","","","","NOT_POPULATED_BY_SOURCE","false"
"PS-MAT-FUSED_SILICA","OP","optics","optical_transmittance","1","spectrophotometry","","","","","","","","NOT_POPULATED_BY_SOURCE","false"
"PS-MAT-FUSED_SILICA","OP","optics","optical_attenuation_coefficient","1/m","optical_loss_test","","","","","","","","NOT_POPULATED_BY_SOURCE","false"
"PS-MAT-FUSED_SILICA","OP","optics","haze_fraction","1","optical_scatter_test","","","","","","","","NOT_POPULATED_BY_SOURCE","false"
"PS-MAT-FUSED_SILICA","OP","optics","surface_roughness","m","profilometry","","","","","","","","NOT_POPULATED_BY_SOURCE","false"
"PS-MAT-FUSED_SILICA","OP","optics","waveguide_alignment_error","rad","optical_metrology","","","","","","","","NOT_POPULATED_BY_SOURCE","false"
"PS-MAT-FUSED_SILICA","OP","optics","thermal_expansion_coefficient","1/K","dilatometry","","","","","","","","NOT_POPULATED_BY_SOURCE","false"
"PS-MAT-FUSED_SILICA","OP","optics","spectral_response_peak","m","spectrometer","","","","","","","","NOT_POPULATED_BY_SOURCE","false"
"PS-MAT-FUSED_SILICA","OP","optics","interface_adhesion","Pa","bond_test","","","","","","","","NOT_POPULATED_BY_SOURCE","false"
"PS-MAT-PHOSPHOR_FILM","OP","optics","refractive_index","1","refractometry","","","","","","","","NOT_POPULATED_BY_SOURCE","false"
"PS-MAT-PHOSPHOR_FILM","OP","optics","optical_transmittance","1","spectrophotometry","","","","","","","","NOT_POPULATED_BY_SOURCE","false"
"PS-MAT-PHOSPHOR_FILM","OP","optics","optical_attenuation_coefficient","1/m","optical_loss_test","","","","","","","","NOT_POPULATED_BY_SOURCE","false"
"PS-MAT-PHOSPHOR_FILM","OP","optics","haze_fraction","1","optical_scatter_test","","","","","","","","NOT_POPULATED_BY_SOURCE","false"
"PS-MAT-PHOSPHOR_FILM","OP","optics","surface_roughness","m","profilometry","","","","","","","","NOT_POPULATED_BY_SOURCE","false"
"PS-MAT-PHOSPHOR_FILM","OP","optics","waveguide_alignment_error","rad","optical_metrology","","","","","","","","NOT_POPULATED_BY_SOURCE","false"
"PS-MAT-PHOSPHOR_FILM","OP","optics","thermal_expansion_coefficient","1/K","dilatometry","","","","","","","","NOT_POPULATED_BY_SOURCE","false"
"PS-MAT-PHOSPHOR_FILM","OP","optics","spectral_response_peak","m","spectrometer","","","","","","","","NOT_POPULATED_BY_SOURCE","false"
"PS-MAT-PHOSPHOR_FILM","OP","optics","interface_adhesion","Pa","bond_test","","","","","","","","NOT_POPULATED_BY_SOURCE","false"
"PS-MAT-PVA_SUPPORT","FL","fluidics","dynamic_viscosity","Pa*s","rheometry","","","","","","","","NOT_POPULATED_BY_SOURCE","false"
"PS-MAT-PVA_SUPPORT","FL","fluidics","interfacial_tension","N/m","tensiometry","","","","","","","","NOT_POPULATED_BY_SOURCE","false"
"PS-MAT-PVA_SUPPORT","FL","fluidics","channel_hydraulic_diameter","m","tomography","","","","","","","","NOT_POPULATED_BY_SOURCE","false"
"PS-MAT-PVA_SUPPORT","FL","fluidics","pressure_drop","Pa","flow_test","","","","","","","","NOT_POPULATED_BY_SOURCE","false"
"PS-MAT-PVA_SUPPORT","FL","fluidics","flow_rate","m^3/s","flow_meter","","","","","","","","NOT_POPULATED_BY_SOURCE","false"
"PS-MAT-PVA_SUPPORT","FL","fluidics","residual_sacrificial_mass","kg","mass_balance","","","","","","","","NOT_POPULATED_BY_SOURCE","false"
"PS-MAT-PVA_SUPPORT","FL","fluidics","leak_rate","Pa*m^3/s","leak_metrology","","","","","","","","NOT_POPULATED_BY_SOURCE","false"
"PS-MAT-PVA_SUPPORT","FL","fluidics","solvent_activity","1","chemical_measurement","","","","","","","","NOT_POPULATED_BY_SOURCE","false"
"PS-MAT-PVA_SUPPORT","FL","fluidics","channel_surface_roughness","m","profilometry","","","","","","","","NOT_POPULATED_BY_SOURCE","false"
"PS-MAT-WAX_SUPPORT","FL","fluidics","dynamic_viscosity","Pa*s","rheometry","","","","","","","","NOT_POPULATED_BY_SOURCE","false"
"PS-MAT-WAX_SUPPORT","FL","fluidics","interfacial_tension","N/m","tensiometry","","","","","","","","NOT_POPULATED_BY_SOURCE","false"
"PS-MAT-WAX_SUPPORT","FL","fluidics","channel_hydraulic_diameter","m","tomography","","","","","","","","NOT_POPULATED_BY_SOURCE","false"
"PS-MAT-WAX_SUPPORT","FL","fluidics","pressure_drop","Pa","flow_test","","","","","","","","NOT_POPULATED_BY_SOURCE","false"
"PS-MAT-WAX_SUPPORT","FL","fluidics","flow_rate","m^3/s","flow_meter","","","","","","","","NOT_POPULATED_BY_SOURCE","false"
"PS-MAT-WAX_SUPPORT","FL","fluidics","residual_sacrificial_mass","kg","mass_balance","","","","","","","","NOT_POPULATED_BY_SOURCE","false"
"PS-MAT-WAX_SUPPORT","FL","fluidics","leak_rate","Pa*m^3/s","leak_metrology","","","","","","","","NOT_POPULATED_BY_SOURCE","false"
"PS-MAT-WAX_SUPPORT","FL","fluidics","solvent_activity","1","chemical_measurement","","","","","","","","NOT_POPULATED_BY_SOURCE","false"
"PS-MAT-WAX_SUPPORT","FL","fluidics","channel_surface_roughness","m","profilometry","","","","","","","","NOT_POPULATED_BY_SOURCE","false"
"PS-MAT-MICROGEL","FL","fluidics","dynamic_viscosity","Pa*s","rheometry","","","","","","","","NOT_POPULATED_BY_SOURCE","false"
"PS-MAT-MICROGEL","FL","fluidics","interfacial_tension","N/m","tensiometry","","","","","","","","NOT_POPULATED_BY_SOURCE","false"
"PS-MAT-MICROGEL","FL","fluidics","channel_hydraulic_diameter","m","tomography","","","","","","","","NOT_POPULATED_BY_SOURCE","false"
"PS-MAT-MICROGEL","FL","fluidics","pressure_drop","Pa","flow_test","","","","","","","","NOT_POPULATED_BY_SOURCE","false"
"PS-MAT-MICROGEL","FL","fluidics","flow_rate","m^3/s","flow_meter","","","","","","","","NOT_POPULATED_BY_SOURCE","false"
"PS-MAT-MICROGEL","FL","fluidics","residual_sacrificial_mass","kg","mass_balance","","","","","","","","NOT_POPULATED_BY_SOURCE","false"
"PS-MAT-MICROGEL","FL","fluidics","leak_rate","Pa*m^3/s","leak_metrology","","","","","","","","NOT_POPULATED_BY_SOURCE","false"
"PS-MAT-MICROGEL","FL","fluidics","solvent_activity","1","chemical_measurement","","","","","","","","NOT_POPULATED_BY_SOURCE","false"
"PS-MAT-MICROGEL","FL","fluidics","channel_surface_roughness","m","profilometry","","","","","","","","NOT_POPULATED_BY_SOURCE","false"
"PS-MAT-GAS_CAVITY","FL","fluidics","dynamic_viscosity","Pa*s","rheometry","","","","","","","","NOT_POPULATED_BY_SOURCE","false"
"PS-MAT-GAS_CAVITY","FL","fluidics","interfacial_tension","N/m","tensiometry","","","","","","","","NOT_POPULATED_BY_SOURCE","false"
"PS-MAT-GAS_CAVITY","FL","fluidics","channel_hydraulic_diameter","m","tomography","","","","","","","","NOT_POPULATED_BY_SOURCE","false"
"PS-MAT-GAS_CAVITY","FL","fluidics","pressure_drop","Pa","flow_test","","","","","","","","NOT_POPULATED_BY_SOURCE","false"
"PS-MAT-GAS_CAVITY","FL","fluidics","flow_rate","m^3/s","flow_meter","","","","","","","","NOT_POPULATED_BY_SOURCE","false"
"PS-MAT-GAS_CAVITY","FL","fluidics","residual_sacrificial_mass","kg","mass_balance","","","","","","","","NOT_POPULATED_BY_SOURCE","false"
"PS-MAT-GAS_CAVITY","FL","fluidics","leak_rate","Pa*m^3/s","leak_metrology","","","","","","","","NOT_POPULATED_BY_SOURCE","false"
"PS-MAT-GAS_CAVITY","FL","fluidics","solvent_activity","1","chemical_measurement","","","","","","","","NOT_POPULATED_BY_SOURCE","false"
"PS-MAT-GAS_CAVITY","FL","fluidics","channel_surface_roughness","m","profilometry","","","","","","","","NOT_POPULATED_BY_SOURCE","false"
"PS-MAT-GRAPHITE_ANODE","EC","electrochemistry","ionic_conductivity","S/m","impedance_test","","","","","","","","NOT_POPULATED_BY_SOURCE","false"
"PS-MAT-GRAPHITE_ANODE","EC","electrochemistry","electrode_areal_capacity","C/m^2","galvanostatic_test","","","","","","","","NOT_POPULATED_BY_SOURCE","false"
"PS-MAT-GRAPHITE_ANODE","EC","electrochemistry","electrochemical_potential","V","electrode_reference","","","","","","","","NOT_POPULATED_BY_SOURCE","false"
"PS-MAT-GRAPHITE_ANODE","EC","electrochemistry","reaction_efficiency","1","charge_balance","","","","","","","","NOT_POPULATED_BY_SOURCE","false"
"PS-MAT-GRAPHITE_ANODE","EC","electrochemistry","chemical_water_fraction","1","chemical_assay","","","","","","","","NOT_POPULATED_BY_SOURCE","false"
"PS-MAT-GRAPHITE_ANODE","EC","electrochemistry","separator_thickness","m","microscopy","","","","","","","","NOT_POPULATED_BY_SOURCE","false"
"PS-MAT-GRAPHITE_ANODE","EC","electrochemistry","interfacial_impedance","ohm","EIS","","","","","","","","NOT_POPULATED_BY_SOURCE","false"
"PS-MAT-GRAPHITE_ANODE","EC","electrochemistry","storage_cycle_retention","1","cycling","","","","","","","","NOT_POPULATED_BY_SOURCE","false"
"PS-MAT-GRAPHITE_ANODE","EC","electrochemistry","processing_oxygen_partial_pressure","Pa","gas_monitor","","","","","","","","NOT_POPULATED_BY_SOURCE","false"
"PS-MAT-LFP_CATHODE","EC","electrochemistry","ionic_conductivity","S/m","impedance_test","","","","","","","","NOT_POPULATED_BY_SOURCE","false"
"PS-MAT-LFP_CATHODE","EC","electrochemistry","electrode_areal_capacity","C/m^2","galvanostatic_test","","","","","","","","NOT_POPULATED_BY_SOURCE","false"
"PS-MAT-LFP_CATHODE","EC","electrochemistry","electrochemical_potential","V","electrode_reference","","","","","","","","NOT_POPULATED_BY_SOURCE","false"
"PS-MAT-LFP_CATHODE","EC","electrochemistry","reaction_efficiency","1","charge_balance","","","","","","","","NOT_POPULATED_BY_SOURCE","false"
"PS-MAT-LFP_CATHODE","EC","electrochemistry","chemical_water_fraction","1","chemical_assay","","","","","","","","NOT_POPULATED_BY_SOURCE","false"
"PS-MAT-LFP_CATHODE","EC","electrochemistry","separator_thickness","m","microscopy","","","","","","","","NOT_POPULATED_BY_SOURCE","false"
"PS-MAT-LFP_CATHODE","EC","electrochemistry","interfacial_impedance","ohm","EIS","","","","","","","","NOT_POPULATED_BY_SOURCE","false"
"PS-MAT-LFP_CATHODE","EC","electrochemistry","storage_cycle_retention","1","cycling","","","","","","","","NOT_POPULATED_BY_SOURCE","false"
"PS-MAT-LFP_CATHODE","EC","electrochemistry","processing_oxygen_partial_pressure","Pa","gas_monitor","","","","","","","","NOT_POPULATED_BY_SOURCE","false"
"PS-MAT-GEL_ELECTROLYTE","EC","electrochemistry","ionic_conductivity","S/m","impedance_test","","","","","","","","NOT_POPULATED_BY_SOURCE","false"
"PS-MAT-GEL_ELECTROLYTE","EC","electrochemistry","electrode_areal_capacity","C/m^2","galvanostatic_test","","","","","","","","NOT_POPULATED_BY_SOURCE","false"
"PS-MAT-GEL_ELECTROLYTE","EC","electrochemistry","electrochemical_potential","V","electrode_reference","","","","","","","","NOT_POPULATED_BY_SOURCE","false"
"PS-MAT-GEL_ELECTROLYTE","EC","electrochemistry","reaction_efficiency","1","charge_balance","","","","","","","","NOT_POPULATED_BY_SOURCE","false"
"PS-MAT-GEL_ELECTROLYTE","EC","electrochemistry","chemical_water_fraction","1","chemical_assay","","","","","","","","NOT_POPULATED_BY_SOURCE","false"
"PS-MAT-GEL_ELECTROLYTE","EC","electrochemistry","separator_thickness","m","microscopy","","","","","","","","NOT_POPULATED_BY_SOURCE","false"
"PS-MAT-GEL_ELECTROLYTE","EC","electrochemistry","interfacial_impedance","ohm","EIS","","","","","","","","NOT_POPULATED_BY_SOURCE","false"
"PS-MAT-GEL_ELECTROLYTE","EC","electrochemistry","storage_cycle_retention","1","cycling","","","","","","","","NOT_POPULATED_BY_SOURCE","false"
"PS-MAT-GEL_ELECTROLYTE","EC","electrochemistry","processing_oxygen_partial_pressure","Pa","gas_monitor","","","","","","","","NOT_POPULATED_BY_SOURCE","false"
"PS-MAT-CARBON_SUPERCAP","EC","electrochemistry","ionic_conductivity","S/m","impedance_test","","","","","","","","NOT_POPULATED_BY_SOURCE","false"
"PS-MAT-CARBON_SUPERCAP","EC","electrochemistry","electrode_areal_capacity","C/m^2","galvanostatic_test","","","","","","","","NOT_POPULATED_BY_SOURCE","false"
"PS-MAT-CARBON_SUPERCAP","EC","electrochemistry","electrochemical_potential","V","electrode_reference","","","","","","","","NOT_POPULATED_BY_SOURCE","false"
"PS-MAT-CARBON_SUPERCAP","EC","electrochemistry","reaction_efficiency","1","charge_balance","","","","","","","","NOT_POPULATED_BY_SOURCE","false"
"PS-MAT-CARBON_SUPERCAP","EC","electrochemistry","chemical_water_fraction","1","chemical_assay","","","","","","","","NOT_POPULATED_BY_SOURCE","false"
"PS-MAT-CARBON_SUPERCAP","EC","electrochemistry","separator_thickness","m","microscopy","","","","","","","","NOT_POPULATED_BY_SOURCE","false"
"PS-MAT-CARBON_SUPERCAP","EC","electrochemistry","interfacial_impedance","ohm","EIS","","","","","","","","NOT_POPULATED_BY_SOURCE","false"
"PS-MAT-CARBON_SUPERCAP","EC","electrochemistry","storage_cycle_retention","1","cycling","","","","","","","","NOT_POPULATED_BY_SOURCE","false"
"PS-MAT-CARBON_SUPERCAP","EC","electrochemistry","processing_oxygen_partial_pressure","Pa","gas_monitor","","","","","","","","NOT_POPULATED_BY_SOURCE","false"
"PS-MAT-SILICON_DIE","SC","semiconductors/modules","operating_temperature","K","temperature_test","","","","","","","","NOT_POPULATED_BY_SOURCE","false"
"PS-MAT-SILICON_DIE","SC","semiconductors/modules","power_draw","W","electrical_telemetry","","","","","","","","NOT_POPULATED_BY_SOURCE","false"
"PS-MAT-SILICON_DIE","SC","semiconductors/modules","signal_io_latency","s","digital_test","","","","","","","","NOT_POPULATED_BY_SOURCE","false"
"PS-MAT-SILICON_DIE","SC","semiconductors/modules","thermal_resistance_junction_case","K/W","thermal_test","","","","","","","","NOT_POPULATED_BY_SOURCE","false"
"PS-MAT-SILICON_DIE","SC","semiconductors/modules","mounting_pitch","m","dimensional_metrology","","","","","","","","NOT_POPULATED_BY_SOURCE","false"
"PS-MAT-SILICON_DIE","SC","semiconductors/modules","ESD_test_voltage","V","standard_test_specific","","","","","","","","NOT_POPULATED_BY_SOURCE","false"
"PS-MAT-SILICON_DIE","SC","semiconductors/modules","optical_pixel_size","m","module_datasheet_if_applicable","","","","","","","","NOT_POPULATED_BY_SOURCE","false"
"PS-MAT-SILICON_DIE","SC","semiconductors/modules","interconnect_resistance","ohm","continuity_test","","","","","","","","NOT_POPULATED_BY_SOURCE","false"
"PS-MAT-SILICON_DIE","SC","semiconductors/modules","firmware_version_hash","1","identity_readback","","","","","","","","NOT_POPULATED_BY_SOURCE","false"
"PS-MAT-CAMERA_MODULE","SC","semiconductors/modules","operating_temperature","K","temperature_test","","","","","","","","NOT_POPULATED_BY_SOURCE","false"
"PS-MAT-CAMERA_MODULE","SC","semiconductors/modules","power_draw","W","electrical_telemetry","","","","","","","","NOT_POPULATED_BY_SOURCE","false"
"PS-MAT-CAMERA_MODULE","SC","semiconductors/modules","signal_io_latency","s","digital_test","","","","","","","","NOT_POPULATED_BY_SOURCE","false"
"PS-MAT-CAMERA_MODULE","SC","semiconductors/modules","thermal_resistance_junction_case","K/W","thermal_test","","","","","","","","NOT_POPULATED_BY_SOURCE","false"
"PS-MAT-CAMERA_MODULE","SC","semiconductors/modules","mounting_pitch","m","dimensional_metrology","","","","","","","","NOT_POPULATED_BY_SOURCE","false"
"PS-MAT-CAMERA_MODULE","SC","semiconductors/modules","ESD_test_voltage","V","standard_test_specific","","","","","","","","NOT_POPULATED_BY_SOURCE","false"
"PS-MAT-CAMERA_MODULE","SC","semiconductors/modules","optical_pixel_size","m","module_datasheet_if_applicable","","","","","","","","NOT_POPULATED_BY_SOURCE","false"
"PS-MAT-CAMERA_MODULE","SC","semiconductors/modules","interconnect_resistance","ohm","continuity_test","","","","","","","","NOT_POPULATED_BY_SOURCE","false"
"PS-MAT-CAMERA_MODULE","SC","semiconductors/modules","firmware_version_hash","1","identity_readback","","","","","","","","NOT_POPULATED_BY_SOURCE","false"
"PS-MAT-LED_PACKAGE","SC","semiconductors/modules","operating_temperature","K","temperature_test","","","","","","","","NOT_POPULATED_BY_SOURCE","false"
"PS-MAT-LED_PACKAGE","SC","semiconductors/modules","power_draw","W","electrical_telemetry","","","","","","","","NOT_POPULATED_BY_SOURCE","false"
"PS-MAT-LED_PACKAGE","SC","semiconductors/modules","signal_io_latency","s","digital_test","","","","","","","","NOT_POPULATED_BY_SOURCE","false"
"PS-MAT-LED_PACKAGE","SC","semiconductors/modules","thermal_resistance_junction_case","K/W","thermal_test","","","","","","","","NOT_POPULATED_BY_SOURCE","false"
"PS-MAT-LED_PACKAGE","SC","semiconductors/modules","mounting_pitch","m","dimensional_metrology","","","","","","","","NOT_POPULATED_BY_SOURCE","false"
"PS-MAT-LED_PACKAGE","SC","semiconductors/modules","ESD_test_voltage","V","standard_test_specific","","","","","","","","NOT_POPULATED_BY_SOURCE","false"
"PS-MAT-LED_PACKAGE","SC","semiconductors/modules","optical_pixel_size","m","module_datasheet_if_applicable","","","","","","","","NOT_POPULATED_BY_SOURCE","false"
"PS-MAT-LED_PACKAGE","SC","semiconductors/modules","interconnect_resistance","ohm","continuity_test","","","","","","","","NOT_POPULATED_BY_SOURCE","false"
"PS-MAT-LED_PACKAGE","SC","semiconductors/modules","firmware_version_hash","1","identity_readback","","","","","","","","NOT_POPULATED_BY_SOURCE","false"
"PS-MAT-RF_IC","SC","semiconductors/modules","operating_temperature","K","temperature_test","","","","","","","","NOT_POPULATED_BY_SOURCE","false"
"PS-MAT-RF_IC","SC","semiconductors/modules","power_draw","W","electrical_telemetry","","","","","","","","NOT_POPULATED_BY_SOURCE","false"
"PS-MAT-RF_IC","SC","semiconductors/modules","signal_io_latency","s","digital_test","","","","","","","","NOT_POPULATED_BY_SOURCE","false"
"PS-MAT-RF_IC","SC","semiconductors/modules","thermal_resistance_junction_case","K/W","thermal_test","","","","","","","","NOT_POPULATED_BY_SOURCE","false"
"PS-MAT-RF_IC","SC","semiconductors/modules","mounting_pitch","m","dimensional_metrology","","","","","","","","NOT_POPULATED_BY_SOURCE","false"
"PS-MAT-RF_IC","SC","semiconductors/modules","ESD_test_voltage","V","standard_test_specific","","","","","","","","NOT_POPULATED_BY_SOURCE","false"
"PS-MAT-RF_IC","SC","semiconductors/modules","optical_pixel_size","m","module_datasheet_if_applicable","","","","","","","","NOT_POPULATED_BY_SOURCE","false"
"PS-MAT-RF_IC","SC","semiconductors/modules","interconnect_resistance","ohm","continuity_test","","","","","","","","NOT_POPULATED_BY_SOURCE","false"
"PS-MAT-RF_IC","SC","semiconductors/modules","firmware_version_hash","1","identity_readback","","","","","","","","NOT_POPULATED_BY_SOURCE","false"
"PS-MAT-LFP_MODULE","BT","energy modules","usable_energy","J","controlled_discharge","","","","","","","","NOT_POPULATED_BY_SOURCE","false"
"PS-MAT-LFP_MODULE","BT","energy modules","voltage_nominal","V","electrical_characterisation","","","","","","","","NOT_POPULATED_BY_SOURCE","false"
"PS-MAT-LFP_MODULE","BT","energy modules","maximum_current","A","manufacturer_and_test","","","","","","","","NOT_POPULATED_BY_SOURCE","false"
"PS-MAT-LFP_MODULE","BT","energy modules","internal_resistance","ohm","impedance_test","","","","","","","","NOT_POPULATED_BY_SOURCE","false"
"PS-MAT-LFP_MODULE","BT","energy modules","charge_cutoff_voltage","V","manufacturer_and_test","","","","","","","","NOT_POPULATED_BY_SOURCE","false"
"PS-MAT-LFP_MODULE","BT","energy modules","thermal_protection_threshold","K","protection_test","","","","","","","","NOT_POPULATED_BY_SOURCE","false"
"PS-MAT-LFP_MODULE","BT","energy modules","module_mass","kg","mass_metrology","","","","","","","","NOT_POPULATED_BY_SOURCE","false"
"PS-MAT-LFP_MODULE","BT","energy modules","vent_clearance","m","dimensional_review","","","","","","","","NOT_POPULATED_BY_SOURCE","false"
"PS-MAT-LFP_MODULE","BT","energy modules","service_replacement_cycles","cycle","mechanical_test","","","","","","","","NOT_POPULATED_BY_SOURCE","false"
"PS-MAT-LIION_MODULE","BT","energy modules","usable_energy","J","controlled_discharge","","","","","","","","NOT_POPULATED_BY_SOURCE","false"
"PS-MAT-LIION_MODULE","BT","energy modules","voltage_nominal","V","electrical_characterisation","","","","","","","","NOT_POPULATED_BY_SOURCE","false"
"PS-MAT-LIION_MODULE","BT","energy modules","maximum_current","A","manufacturer_and_test","","","","","","","","NOT_POPULATED_BY_SOURCE","false"
"PS-MAT-LIION_MODULE","BT","energy modules","internal_resistance","ohm","impedance_test","","","","","","","","NOT_POPULATED_BY_SOURCE","false"
"PS-MAT-LIION_MODULE","BT","energy modules","charge_cutoff_voltage","V","manufacturer_and_test","","","","","","","","NOT_POPULATED_BY_SOURCE","false"
"PS-MAT-LIION_MODULE","BT","energy modules","thermal_protection_threshold","K","protection_test","","","","","","","","NOT_POPULATED_BY_SOURCE","false"
"PS-MAT-LIION_MODULE","BT","energy modules","module_mass","kg","mass_metrology","","","","","","","","NOT_POPULATED_BY_SOURCE","false"
"PS-MAT-LIION_MODULE","BT","energy modules","vent_clearance","m","dimensional_review","","","","","","","","NOT_POPULATED_BY_SOURCE","false"
"PS-MAT-LIION_MODULE","BT","energy modules","service_replacement_cycles","cycle","mechanical_test","","","","","","","","NOT_POPULATED_BY_SOURCE","false"
"PS-MAT-CAP_BANK","BT","energy modules","usable_energy","J","controlled_discharge","","","","","","","","NOT_POPULATED_BY_SOURCE","false"
"PS-MAT-CAP_BANK","BT","energy modules","voltage_nominal","V","electrical_characterisation","","","","","","","","NOT_POPULATED_BY_SOURCE","false"
"PS-MAT-CAP_BANK","BT","energy modules","maximum_current","A","manufacturer_and_test","","","","","","","","NOT_POPULATED_BY_SOURCE","false"
"PS-MAT-CAP_BANK","BT","energy modules","internal_resistance","ohm","impedance_test","","","","","","","","NOT_POPULATED_BY_SOURCE","false"
"PS-MAT-CAP_BANK","BT","energy modules","charge_cutoff_voltage","V","manufacturer_and_test","","","","","","","","NOT_POPULATED_BY_SOURCE","false"
"PS-MAT-CAP_BANK","BT","energy modules","thermal_protection_threshold","K","protection_test","","","","","","","","NOT_POPULATED_BY_SOURCE","false"
"PS-MAT-CAP_BANK","BT","energy modules","module_mass","kg","mass_metrology","","","","","","","","NOT_POPULATED_BY_SOURCE","false"
"PS-MAT-CAP_BANK","BT","energy modules","vent_clearance","m","dimensional_review","","","","","","","","NOT_POPULATED_BY_SOURCE","false"
"PS-MAT-CAP_BANK","BT","energy modules","service_replacement_cycles","cycle","mechanical_test","","","","","","","","NOT_POPULATED_BY_SOURCE","false"
"PS-MAT-ALGINATE","BV","bioactive materials","viability_fraction","1","validated_viability_assay","","","","","","","","NOT_POPULATED_BY_SOURCE","false"
"PS-MAT-ALGINATE","BV","bioactive materials","deposition_temperature","K","thermal_monitor","","","","","","","","NOT_POPULATED_BY_SOURCE","false"
"PS-MAT-ALGINATE","BV","bioactive materials","osmolality","mol/kg","osmometer","","","","","","","","NOT_POPULATED_BY_SOURCE","false"
"PS-MAT-ALGINATE","BV","bioactive materials","pH","1","calibrated_pH","","","","","","","","NOT_POPULATED_BY_SOURCE","false"
"PS-MAT-ALGINATE","BV","bioactive materials","sterility_assay_status","1","validated_sterility_assay","","","","","","","","NOT_POPULATED_BY_SOURCE","false"
"PS-MAT-ALGINATE","BV","bioactive materials","gelation_time","s","rheometry","","","","","","","","NOT_POPULATED_BY_SOURCE","false"
"PS-MAT-ALGINATE","BV","bioactive materials","gel_elastic_modulus","Pa","mechanical_test","","","","","","","","NOT_POPULATED_BY_SOURCE","false"
"PS-MAT-ALGINATE","BV","bioactive materials","nutrient_diffusivity","m^2/s","tracer_test","","","","","","","","NOT_POPULATED_BY_SOURCE","false"
"PS-MAT-ALGINATE","BV","bioactive materials","contamination_burden","1/mL","microbiological_assay","","","","","","","","NOT_POPULATED_BY_SOURCE","false"
"PS-MAT-GELATIN","BV","bioactive materials","viability_fraction","1","validated_viability_assay","","","","","","","","NOT_POPULATED_BY_SOURCE","false"
"PS-MAT-GELATIN","BV","bioactive materials","deposition_temperature","K","thermal_monitor","","","","","","","","NOT_POPULATED_BY_SOURCE","false"
"PS-MAT-GELATIN","BV","bioactive materials","osmolality","mol/kg","osmometer","","","","","","","","NOT_POPULATED_BY_SOURCE","false"
"PS-MAT-GELATIN","BV","bioactive materials","pH","1","calibrated_pH","","","","","","","","NOT_POPULATED_BY_SOURCE","false"
"PS-MAT-GELATIN","BV","bioactive materials","sterility_assay_status","1","validated_sterility_assay","","","","","","","","NOT_POPULATED_BY_SOURCE","false"
"PS-MAT-GELATIN","BV","bioactive materials","gelation_time","s","rheometry","","","","","","","","NOT_POPULATED_BY_SOURCE","false"
"PS-MAT-GELATIN","BV","bioactive materials","gel_elastic_modulus","Pa","mechanical_test","","","","","","","","NOT_POPULATED_BY_SOURCE","false"
"PS-MAT-GELATIN","BV","bioactive materials","nutrient_diffusivity","m^2/s","tracer_test","","","","","","","","NOT_POPULATED_BY_SOURCE","false"
"PS-MAT-GELATIN","BV","bioactive materials","contamination_burden","1/mL","microbiological_assay","","","","","","","","NOT_POPULATED_BY_SOURCE","false"
"PS-MAT-COLLAGEN","BV","bioactive materials","viability_fraction","1","validated_viability_assay","","","","","","","","NOT_POPULATED_BY_SOURCE","false"
"PS-MAT-COLLAGEN","BV","bioactive materials","deposition_temperature","K","thermal_monitor","","","","","","","","NOT_POPULATED_BY_SOURCE","false"
"PS-MAT-COLLAGEN","BV","bioactive materials","osmolality","mol/kg","osmometer","","","","","","","","NOT_POPULATED_BY_SOURCE","false"
"PS-MAT-COLLAGEN","BV","bioactive materials","pH","1","calibrated_pH","","","","","","","","NOT_POPULATED_BY_SOURCE","false"
"PS-MAT-COLLAGEN","BV","bioactive materials","sterility_assay_status","1","validated_sterility_assay","","","","","","","","NOT_POPULATED_BY_SOURCE","false"
"PS-MAT-COLLAGEN","BV","bioactive materials","gelation_time","s","rheometry","","","","","","","","NOT_POPULATED_BY_SOURCE","false"
"PS-MAT-COLLAGEN","BV","bioactive materials","gel_elastic_modulus","Pa","mechanical_test","","","","","","","","NOT_POPULATED_BY_SOURCE","false"
"PS-MAT-COLLAGEN","BV","bioactive materials","nutrient_diffusivity","m^2/s","tracer_test","","","","","","","","NOT_POPULATED_BY_SOURCE","false"
"PS-MAT-COLLAGEN","BV","bioactive materials","contamination_burden","1/mL","microbiological_assay","","","","","","","","NOT_POPULATED_BY_SOURCE","false"
"PS-MAT-CELL_INK","BV","bioactive materials","viability_fraction","1","validated_viability_assay","","","","","","","","NOT_POPULATED_BY_SOURCE","false"
"PS-MAT-CELL_INK","BV","bioactive materials","deposition_temperature","K","thermal_monitor","","","","","","","","NOT_POPULATED_BY_SOURCE","false"
"PS-MAT-CELL_INK","BV","bioactive materials","osmolality","mol/kg","osmometer","","","","","","","","NOT_POPULATED_BY_SOURCE","false"
"PS-MAT-CELL_INK","BV","bioactive materials","pH","1","calibrated_pH","","","","","","","","NOT_POPULATED_BY_SOURCE","false"
"PS-MAT-CELL_INK","BV","bioactive materials","sterility_assay_status","1","validated_sterility_assay","","","","","","","","NOT_POPULATED_BY_SOURCE","false"
"PS-MAT-CELL_INK","BV","bioactive materials","gelation_time","s","rheometry","","","","","","","","NOT_POPULATED_BY_SOURCE","false"
"PS-MAT-CELL_INK","BV","bioactive materials","gel_elastic_modulus","Pa","mechanical_test","","","","","","","","NOT_POPULATED_BY_SOURCE","false"
"PS-MAT-CELL_INK","BV","bioactive materials","nutrient_diffusivity","m^2/s","tracer_test","","","","","","","","NOT_POPULATED_BY_SOURCE","false"
"PS-MAT-CELL_INK","BV","bioactive materials","contamination_burden","1/mL","microbiological_assay","","","","","","","","NOT_POPULATED_BY_SOURCE","false"
