pair_id,from,to,route_class,route_label,production_approved,physical_evidence
PS-PAIR-MT-MT,MT,MT,P,shared_window_candidate,false,NOT_ASSESSED_FOR_SPECIFIC_RECIPE
PS-PAIR-MT-CR,MT,CR,T,managed_transition,false,NOT_ASSESSED_FOR_SPECIFIC_RECIPE
PS-PAIR-MT-TP,MT,TP,T,managed_transition,false,NOT_ASSESSED_FOR_SPECIFIC_RECIPE
PS-PAIR-MT-RS,MT,RS,T,managed_transition,false,NOT_ASSESSED_FOR_SPECIFIC_RECIPE
PS-PAIR-MT-EL,MT,EL,T,managed_transition,false,NOT_ASSESSED_FOR_SPECIFIC_RECIPE
PS-PAIR-MT-CI,MT,CI,T,managed_transition,false,NOT_ASSESSED_FOR_SPECIFIC_RECIPE
PS-PAIR-MT-DE,MT,DE,T,managed_transition,false,NOT_ASSESSED_FOR_SPECIFIC_RECIPE
PS-PAIR-MT-MG,MT,MG,T,managed_transition,false,NOT_ASSESSED_FOR_SPECIFIC_RECIPE
PS-PAIR-MT-OP,MT,OP,T,managed_transition,false,NOT_ASSESSED_FOR_SPECIFIC_RECIPE
PS-PAIR-MT-FL,MT,FL,T,managed_transition,false,NOT_ASSESSED_FOR_SPECIFIC_RECIPE
PS-PAIR-MT-EC,MT,EC,T,managed_transition,false,NOT_ASSESSED_FOR_SPECIFIC_RECIPE
PS-PAIR-MT-SC,MT,SC,M,modular_insert,false,NOT_ASSESSED_FOR_SPECIFIC_RECIPE
PS-PAIR-MT-BT,MT,BT,M,modular_insert,false,NOT_ASSESSED_FOR_SPECIFIC_RECIPE
PS-PAIR-MT-BV,MT,BV,M,modular_insert,false,NOT_ASSESSED_FOR_SPECIFIC_RECIPE
PS-PAIR-CR-MT,CR,MT,T,managed_transition,false,NOT_ASSESSED_FOR_SPECIFIC_RECIPE
PS-PAIR-CR-CR,CR,CR,P,shared_window_candidate,false,NOT_ASSESSED_FOR_SPECIFIC_RECIPE
PS-PAIR-CR-TP,CR,TP,T,managed_transition,false,NOT_ASSESSED_FOR_SPECIFIC_RECIPE
PS-PAIR-CR-RS,CR,RS,T,managed_transition,false,NOT_ASSESSED_FOR_SPECIFIC_RECIPE
PS-PAIR-CR-EL,CR,EL,T,managed_transition,false,NOT_ASSESSED_FOR_SPECIFIC_RECIPE
PS-PAIR-CR-CI,CR,CI,T,managed_transition,false,NOT_ASSESSED_FOR_SPECIFIC_RECIPE
PS-PAIR-CR-DE,CR,DE,T,managed_transition,false,NOT_ASSESSED_FOR_SPECIFIC_RECIPE
PS-PAIR-CR-MG,CR,MG,T,managed_transition,false,NOT_ASSESSED_FOR_SPECIFIC_RECIPE
PS-PAIR-CR-OP,CR,OP,T,managed_transition,false,NOT_ASSESSED_FOR_SPECIFIC_RECIPE
PS-PAIR-CR-FL,CR,FL,T,managed_transition,false,NOT_ASSESSED_FOR_SPECIFIC_RECIPE
PS-PAIR-CR-EC,CR,EC,T,managed_transition,false,NOT_ASSESSED_FOR_SPECIFIC_RECIPE
PS-PAIR-CR-SC,CR,SC,M,modular_insert,false,NOT_ASSESSED_FOR_SPECIFIC_RECIPE
PS-PAIR-CR-BT,CR,BT,M,modular_insert,false,NOT_ASSESSED_FOR_SPECIFIC_RECIPE
PS-PAIR-CR-BV,CR,BV,M,modular_insert,false,NOT_ASSESSED_FOR_SPECIFIC_RECIPE
PS-PAIR-TP-MT,TP,MT,T,managed_transition,false,NOT_ASSESSED_FOR_SPECIFIC_RECIPE
PS-PAIR-TP-CR,TP,CR,T,managed_transition,false,NOT_ASSESSED_FOR_SPECIFIC_RECIPE
PS-PAIR-TP-TP,TP,TP,P,shared_window_candidate,false,NOT_ASSESSED_FOR_SPECIFIC_RECIPE
PS-PAIR-TP-RS,TP,RS,S,sequenced_candidate,false,NOT_ASSESSED_FOR_SPECIFIC_RECIPE
PS-PAIR-TP-EL,TP,EL,S,sequenced_candidate,false,NOT_ASSESSED_FOR_SPECIFIC_RECIPE
PS-PAIR-TP-CI,TP,CI,S,sequenced_candidate,false,NOT_ASSESSED_FOR_SPECIFIC_RECIPE
PS-PAIR-TP-DE,TP,DE,S,sequenced_candidate,false,NOT_ASSESSED_FOR_SPECIFIC_RECIPE
PS-PAIR-TP-MG,TP,MG,S,sequenced_candidate,false,NOT_ASSESSED_FOR_SPECIFIC_RECIPE
PS-PAIR-TP-OP,TP,OP,T,managed_transition,false,NOT_ASSESSED_FOR_SPECIFIC_RECIPE
PS-PAIR-TP-FL,TP,FL,S,sequenced_candidate,false,NOT_ASSESSED_FOR_SPECIFIC_RECIPE
PS-PAIR-TP-EC,TP,EC,T,managed_transition,false,NOT_ASSESSED_FOR_SPECIFIC_RECIPE
PS-PAIR-TP-SC,TP,SC,M,modular_insert,false,NOT_ASSESSED_FOR_SPECIFIC_RECIPE
PS-PAIR-TP-BT,TP,BT,M,modular_insert,false,NOT_ASSESSED_FOR_SPECIFIC_RECIPE
PS-PAIR-TP-BV,TP,BV,T,managed_transition,false,NOT_ASSESSED_FOR_SPECIFIC_RECIPE
PS-PAIR-RS-MT,RS,MT,T,managed_transition,false,NOT_ASSESSED_FOR_SPECIFIC_RECIPE
PS-PAIR-RS-CR,RS,CR,T,managed_transition,false,NOT_ASSESSED_FOR_SPECIFIC_RECIPE
PS-PAIR-RS-TP,RS,TP,S,sequenced_candidate,false,NOT_ASSESSED_FOR_SPECIFIC_RECIPE
PS-PAIR-RS-RS,RS,RS,P,shared_window_candidate,false,NOT_ASSESSED_FOR_SPECIFIC_RECIPE
PS-PAIR-RS-EL,RS,EL,S,sequenced_candidate,false,NOT_ASSESSED_FOR_SPECIFIC_RECIPE
PS-PAIR-RS-CI,RS,CI,S,sequenced_candidate,false,NOT_ASSESSED_FOR_SPECIFIC_RECIPE
PS-PAIR-RS-DE,RS,DE,S,sequenced_candidate,false,NOT_ASSESSED_FOR_SPECIFIC_RECIPE
PS-PAIR-RS-MG,RS,MG,S,sequenced_candidate,false,NOT_ASSESSED_FOR_SPECIFIC_RECIPE
PS-PAIR-RS-OP,RS,OP,S,sequenced_candidate,false,NOT_ASSESSED_FOR_SPECIFIC_RECIPE
PS-PAIR-RS-FL,RS,FL,S,sequenced_candidate,false,NOT_ASSESSED_FOR_SPECIFIC_RECIPE
PS-PAIR-RS-EC,RS,EC,T,managed_transition,false,NOT_ASSESSED_FOR_SPECIFIC_RECIPE
PS-PAIR-RS-SC,RS,SC,M,modular_insert,false,NOT_ASSESSED_FOR_SPECIFIC_RECIPE
PS-PAIR-RS-BT,RS,BT,M,modular_insert,false,NOT_ASSESSED_FOR_SPECIFIC_RECIPE
PS-PAIR-RS-BV,RS,BV,T,managed_transition,false,NOT_ASSESSED_FOR_SPECIFIC_RECIPE
PS-PAIR-EL-MT,EL,MT,T,managed_transition,false,NOT_ASSESSED_FOR_SPECIFIC_RECIPE
PS-PAIR-EL-CR,EL,CR,T,managed_transition,false,NOT_ASSESSED_FOR_SPECIFIC_RECIPE
PS-PAIR-EL-TP,EL,TP,S,sequenced_candidate,false,NOT_ASSESSED_FOR_SPECIFIC_RECIPE
PS-PAIR-EL-RS,EL,RS,S,sequenced_candidate,false,NOT_ASSESSED_FOR_SPECIFIC_RECIPE
PS-PAIR-EL-EL,EL,EL,P,shared_window_candidate,false,NOT_ASSESSED_FOR_SPECIFIC_RECIPE
PS-PAIR-EL-CI,EL,CI,S,sequenced_candidate,false,NOT_ASSESSED_FOR_SPECIFIC_RECIPE
PS-PAIR-EL-DE,EL,DE,S,sequenced_candidate,false,NOT_ASSESSED_FOR_SPECIFIC_RECIPE
PS-PAIR-EL-MG,EL,MG,S,sequenced_candidate,false,NOT_ASSESSED_FOR_SPECIFIC_RECIPE
PS-PAIR-EL-OP,EL,OP,T,managed_transition,false,NOT_ASSESSED_FOR_SPECIFIC_RECIPE
PS-PAIR-EL-FL,EL,FL,S,sequenced_candidate,false,NOT_ASSESSED_FOR_SPECIFIC_RECIPE
PS-PAIR-EL-EC,EL,EC,T,managed_transition,false,NOT_ASSESSED_FOR_SPECIFIC_RECIPE
PS-PAIR-EL-SC,EL,SC,M,modular_insert,false,NOT_ASSESSED_FOR_SPECIFIC_RECIPE
PS-PAIR-EL-BT,EL,BT,M,modular_insert,false,NOT_ASSESSED_FOR_SPECIFIC_RECIPE
PS-PAIR-EL-BV,EL,BV,T,managed_transition,false,NOT_ASSESSED_FOR_SPECIFIC_RECIPE
PS-PAIR-CI-MT,CI,MT,T,managed_transition,false,NOT_ASSESSED_FOR_SPECIFIC_RECIPE
PS-PAIR-CI-CR,CI,CR,T,managed_transition,false,NOT_ASSESSED_FOR_SPECIFIC_RECIPE
PS-PAIR-CI-TP,CI,TP,S,sequenced_candidate,false,NOT_ASSESSED_FOR_SPECIFIC_RECIPE
PS-PAIR-CI-RS,CI,RS,S,sequenced_candidate,false,NOT_ASSESSED_FOR_SPECIFIC_RECIPE
PS-PAIR-CI-EL,CI,EL,S,sequenced_candidate,false,NOT_ASSESSED_FOR_SPECIFIC_RECIPE
PS-PAIR-CI-CI,CI,CI,P,shared_window_candidate,false,NOT_ASSESSED_FOR_SPECIFIC_RECIPE
PS-PAIR-CI-DE,CI,DE,S,sequenced_candidate,false,NOT_ASSESSED_FOR_SPECIFIC_RECIPE
PS-PAIR-CI-MG,CI,MG,S,sequenced_candidate,false,NOT_ASSESSED_FOR_SPECIFIC_RECIPE
PS-PAIR-CI-OP,CI,OP,S,sequenced_candidate,false,NOT_ASSESSED_FOR_SPECIFIC_RECIPE
PS-PAIR-CI-FL,CI,FL,S,sequenced_candidate,false,NOT_ASSESSED_FOR_SPECIFIC_RECIPE
PS-PAIR-CI-EC,CI,EC,T,managed_transition,false,NOT_ASSESSED_FOR_SPECIFIC_RECIPE
PS-PAIR-CI-SC,CI,SC,M,modular_insert,false,NOT_ASSESSED_FOR_SPECIFIC_RECIPE
PS-PAIR-CI-BT,CI,BT,M,modular_insert,false,NOT_ASSESSED_FOR_SPECIFIC_RECIPE
PS-PAIR-CI-BV,CI,BV,T,managed_transition,false,NOT_ASSESSED_FOR_SPECIFIC_RECIPE
PS-PAIR-DE-MT,DE,MT,T,managed_transition,false,NOT_ASSESSED_FOR_SPECIFIC_RECIPE
PS-PAIR-DE-CR,DE,CR,T,managed_transition,false,NOT_ASSESSED_FOR_SPECIFIC_RECIPE
PS-PAIR-DE-TP,DE,TP,S,sequenced_candidate,false,NOT_ASSESSED_FOR_SPECIFIC_RECIPE
PS-PAIR-DE-RS,DE,RS,S,sequenced_candidate,false,NOT_ASSESSED_FOR_SPECIFIC_RECIPE
PS-PAIR-DE-EL,DE,EL,S,sequenced_candidate,false,NOT_ASSESSED_FOR_SPECIFIC_RECIPE
PS-PAIR-DE-CI,DE,CI,S,sequenced_candidate,false,NOT_ASSESSED_FOR_SPECIFIC_RECIPE
PS-PAIR-DE-DE,DE,DE,P,shared_window_candidate,false,NOT_ASSESSED_FOR_SPECIFIC_RECIPE
PS-PAIR-DE-MG,DE,MG,S,sequenced_candidate,false,NOT_ASSESSED_FOR_SPECIFIC_RECIPE
PS-PAIR-DE-OP,DE,OP,S,sequenced_candidate,false,NOT_ASSESSED_FOR_SPECIFIC_RECIPE
PS-PAIR-DE-FL,DE,FL,S,sequenced_candidate,false,NOT_ASSESSED_FOR_SPECIFIC_RECIPE
PS-PAIR-DE-EC,DE,EC,T,managed_transition,false,NOT_ASSESSED_FOR_SPECIFIC_RECIPE
PS-PAIR-DE-SC,DE,SC,M,modular_insert,false,NOT_ASSESSED_FOR_SPECIFIC_RECIPE
PS-PAIR-DE-BT,DE,BT,M,modular_insert,false,NOT_ASSESSED_FOR_SPECIFIC_RECIPE
PS-PAIR-DE-BV,DE,BV,T,managed_transition,false,NOT_ASSESSED_FOR_SPECIFIC_RECIPE
PS-PAIR-MG-MT,MG,MT,T,managed_transition,false,NOT_ASSESSED_FOR_SPECIFIC_RECIPE
PS-PAIR-MG-CR,MG,CR,T,managed_transition,false,NOT_ASSESSED_FOR_SPECIFIC_RECIPE
PS-PAIR-MG-TP,MG,TP,S,sequenced_candidate,false,NOT_ASSESSED_FOR_SPECIFIC_RECIPE
PS-PAIR-MG-RS,MG,RS,S,sequenced_candidate,false,NOT_ASSESSED_FOR_SPECIFIC_RECIPE
PS-PAIR-MG-EL,MG,EL,S,sequenced_candidate,false,NOT_ASSESSED_FOR_SPECIFIC_RECIPE
PS-PAIR-MG-CI,MG,CI,S,sequenced_candidate,false,NOT_ASSESSED_FOR_SPECIFIC_RECIPE
PS-PAIR-MG-DE,MG,DE,S,sequenced_candidate,false,NOT_ASSESSED_FOR_SPECIFIC_RECIPE
PS-PAIR-MG-MG,MG,MG,P,shared_window_candidate,false,NOT_ASSESSED_FOR_SPECIFIC_RECIPE
PS-PAIR-MG-OP,MG,OP,T,managed_transition,false,NOT_ASSESSED_FOR_SPECIFIC_RECIPE
PS-PAIR-MG-FL,MG,FL,S,sequenced_candidate,false,NOT_ASSESSED_FOR_SPECIFIC_RECIPE
PS-PAIR-MG-EC,MG,EC,T,managed_transition,false,NOT_ASSESSED_FOR_SPECIFIC_RECIPE
PS-PAIR-MG-SC,MG,SC,M,modular_insert,false,NOT_ASSESSED_FOR_SPECIFIC_RECIPE
PS-PAIR-MG-BT,MG,BT,M,modular_insert,false,NOT_ASSESSED_FOR_SPECIFIC_RECIPE
PS-PAIR-MG-BV,MG,BV,T,managed_transition,false,NOT_ASSESSED_FOR_SPECIFIC_RECIPE
PS-PAIR-OP-MT,OP,MT,T,managed_transition,false,NOT_ASSESSED_FOR_SPECIFIC_RECIPE
PS-PAIR-OP-CR,OP,CR,T,managed_transition,false,NOT_ASSESSED_FOR_SPECIFIC_RECIPE
PS-PAIR-OP-TP,OP,TP,T,managed_transition,false,NOT_ASSESSED_FOR_SPECIFIC_RECIPE
PS-PAIR-OP-RS,OP,RS,S,sequenced_candidate,false,NOT_ASSESSED_FOR_SPECIFIC_RECIPE
PS-PAIR-OP-EL,OP,EL,T,managed_transition,false,NOT_ASSESSED_FOR_SPECIFIC_RECIPE
PS-PAIR-OP-CI,OP,CI,S,sequenced_candidate,false,NOT_ASSESSED_FOR_SPECIFIC_RECIPE
PS-PAIR-OP-DE,OP,DE,S,sequenced_candidate,false,NOT_ASSESSED_FOR_SPECIFIC_RECIPE
PS-PAIR-OP-MG,OP,MG,T,managed_transition,false,NOT_ASSESSED_FOR_SPECIFIC_RECIPE
PS-PAIR-OP-OP,OP,OP,P,shared_window_candidate,false,NOT_ASSESSED_FOR_SPECIFIC_RECIPE
PS-PAIR-OP-FL,OP,FL,T,managed_transition,false,NOT_ASSESSED_FOR_SPECIFIC_RECIPE
PS-PAIR-OP-EC,OP,EC,T,managed_transition,false,NOT_ASSESSED_FOR_SPECIFIC_RECIPE
PS-PAIR-OP-SC,OP,SC,M,modular_insert,false,NOT_ASSESSED_FOR_SPECIFIC_RECIPE
PS-PAIR-OP-BT,OP,BT,M,modular_insert,false,NOT_ASSESSED_FOR_SPECIFIC_RECIPE
PS-PAIR-OP-BV,OP,BV,T,managed_transition,false,NOT_ASSESSED_FOR_SPECIFIC_RECIPE
PS-PAIR-FL-MT,FL,MT,T,managed_transition,false,NOT_ASSESSED_FOR_SPECIFIC_RECIPE
PS-PAIR-FL-CR,FL,CR,T,managed_transition,false,NOT_ASSESSED_FOR_SPECIFIC_RECIPE
PS-PAIR-FL-TP,FL,TP,S,sequenced_candidate,false,NOT_ASSESSED_FOR_SPECIFIC_RECIPE
PS-PAIR-FL-RS,FL,RS,S,sequenced_candidate,false,NOT_ASSESSED_FOR_SPECIFIC_RECIPE
PS-PAIR-FL-EL,FL,EL,S,sequenced_candidate,false,NOT_ASSESSED_FOR_SPECIFIC_RECIPE
PS-PAIR-FL-CI,FL,CI,S,sequenced_candidate,false,NOT_ASSESSED_FOR_SPECIFIC_RECIPE
PS-PAIR-FL-DE,FL,DE,S,sequenced_candidate,false,NOT_ASSESSED_FOR_SPECIFIC_RECIPE
PS-PAIR-FL-MG,FL,MG,S,sequenced_candidate,false,NOT_ASSESSED_FOR_SPECIFIC_RECIPE
PS-PAIR-FL-OP,FL,OP,T,managed_transition,false,NOT_ASSESSED_FOR_SPECIFIC_RECIPE
PS-PAIR-FL-FL,FL,FL,P,shared_window_candidate,false,NOT_ASSESSED_FOR_SPECIFIC_RECIPE
PS-PAIR-FL-EC,FL,EC,T,managed_transition,false,NOT_ASSESSED_FOR_SPECIFIC_RECIPE
PS-PAIR-FL-SC,FL,SC,M,modular_insert,false,NOT_ASSESSED_FOR_SPECIFIC_RECIPE
PS-PAIR-FL-BT,FL,BT,M,modular_insert,false,NOT_ASSESSED_FOR_SPECIFIC_RECIPE
PS-PAIR-FL-BV,FL,BV,T,managed_transition,false,NOT_ASSESSED_FOR_SPECIFIC_RECIPE
PS-PAIR-EC-MT,EC,MT,R,research_direct_route,false,NOT_ASSESSED_FOR_SPECIFIC_RECIPE
PS-PAIR-EC-CR,EC,CR,R,research_direct_route,false,NOT_ASSESSED_FOR_SPECIFIC_RECIPE
PS-PAIR-EC-TP,EC,TP,T,managed_transition,false,NOT_ASSESSED_FOR_SPECIFIC_RECIPE
PS-PAIR-EC-RS,EC,RS,T,managed_transition,false,NOT_ASSESSED_FOR_SPECIFIC_RECIPE
PS-PAIR-EC-EL,EC,EL,T,managed_transition,false,NOT_ASSESSED_FOR_SPECIFIC_RECIPE
PS-PAIR-EC-CI,EC,CI,T,managed_transition,false,NOT_ASSESSED_FOR_SPECIFIC_RECIPE
PS-PAIR-EC-DE,EC,DE,T,managed_transition,false,NOT_ASSESSED_FOR_SPECIFIC_RECIPE
PS-PAIR-EC-MG,EC,MG,T,managed_transition,false,NOT_ASSESSED_FOR_SPECIFIC_RECIPE
PS-PAIR-EC-OP,EC,OP,T,managed_transition,false,NOT_ASSESSED_FOR_SPECIFIC_RECIPE
PS-PAIR-EC-FL,EC,FL,T,managed_transition,false,NOT_ASSESSED_FOR_SPECIFIC_RECIPE
PS-PAIR-EC-EC,EC,EC,P,shared_window_candidate,false,NOT_ASSESSED_FOR_SPECIFIC_RECIPE
PS-PAIR-EC-SC,EC,SC,M,modular_insert,false,NOT_ASSESSED_FOR_SPECIFIC_RECIPE
PS-PAIR-EC-BT,EC,BT,M,modular_insert,false,NOT_ASSESSED_FOR_SPECIFIC_RECIPE
PS-PAIR-EC-BV,EC,BV,T,managed_transition,false,NOT_ASSESSED_FOR_SPECIFIC_RECIPE
PS-PAIR-SC-MT,SC,MT,R,research_direct_route,false,NOT_ASSESSED_FOR_SPECIFIC_RECIPE
PS-PAIR-SC-CR,SC,CR,R,research_direct_route,false,NOT_ASSESSED_FOR_SPECIFIC_RECIPE
PS-PAIR-SC-TP,SC,TP,T,managed_transition,false,NOT_ASSESSED_FOR_SPECIFIC_RECIPE
PS-PAIR-SC-RS,SC,RS,T,managed_transition,false,NOT_ASSESSED_FOR_SPECIFIC_RECIPE
PS-PAIR-SC-EL,SC,EL,T,managed_transition,false,NOT_ASSESSED_FOR_SPECIFIC_RECIPE
PS-PAIR-SC-CI,SC,CI,T,managed_transition,false,NOT_ASSESSED_FOR_SPECIFIC_RECIPE
PS-PAIR-SC-DE,SC,DE,T,managed_transition,false,NOT_ASSESSED_FOR_SPECIFIC_RECIPE
PS-PAIR-SC-MG,SC,MG,T,managed_transition,false,NOT_ASSESSED_FOR_SPECIFIC_RECIPE
PS-PAIR-SC-OP,SC,OP,M,modular_insert,false,NOT_ASSESSED_FOR_SPECIFIC_RECIPE
PS-PAIR-SC-FL,SC,FL,T,managed_transition,false,NOT_ASSESSED_FOR_SPECIFIC_RECIPE
PS-PAIR-SC-EC,SC,EC,M,modular_insert,false,NOT_ASSESSED_FOR_SPECIFIC_RECIPE
PS-PAIR-SC-SC,SC,SC,M,modular_insert,false,NOT_ASSESSED_FOR_SPECIFIC_RECIPE
PS-PAIR-SC-BT,SC,BT,M,modular_insert,false,NOT_ASSESSED_FOR_SPECIFIC_RECIPE
PS-PAIR-SC-BV,SC,BV,M,modular_insert,false,NOT_ASSESSED_FOR_SPECIFIC_RECIPE
PS-PAIR-BT-MT,BT,MT,R,research_direct_route,false,NOT_ASSESSED_FOR_SPECIFIC_RECIPE
PS-PAIR-BT-CR,BT,CR,R,research_direct_route,false,NOT_ASSESSED_FOR_SPECIFIC_RECIPE
PS-PAIR-BT-TP,BT,TP,M,modular_insert,false,NOT_ASSESSED_FOR_SPECIFIC_RECIPE
PS-PAIR-BT-RS,BT,RS,M,modular_insert,false,NOT_ASSESSED_FOR_SPECIFIC_RECIPE
PS-PAIR-BT-EL,BT,EL,M,modular_insert,false,NOT_ASSESSED_FOR_SPECIFIC_RECIPE
PS-PAIR-BT-CI,BT,CI,M,modular_insert,false,NOT_ASSESSED_FOR_SPECIFIC_RECIPE
PS-PAIR-BT-DE,BT,DE,M,modular_insert,false,NOT_ASSESSED_FOR_SPECIFIC_RECIPE
PS-PAIR-BT-MG,BT,MG,M,modular_insert,false,NOT_ASSESSED_FOR_SPECIFIC_RECIPE
PS-PAIR-BT-OP,BT,OP,M,modular_insert,false,NOT_ASSESSED_FOR_SPECIFIC_RECIPE
PS-PAIR-BT-FL,BT,FL,M,modular_insert,false,NOT_ASSESSED_FOR_SPECIFIC_RECIPE
PS-PAIR-BT-EC,BT,EC,M,modular_insert,false,NOT_ASSESSED_FOR_SPECIFIC_RECIPE
PS-PAIR-BT-SC,BT,SC,M,modular_insert,false,NOT_ASSESSED_FOR_SPECIFIC_RECIPE
PS-PAIR-BT-BT,BT,BT,M,modular_insert,false,NOT_ASSESSED_FOR_SPECIFIC_RECIPE
PS-PAIR-BT-BV,BT,BV,M,modular_insert,false,NOT_ASSESSED_FOR_SPECIFIC_RECIPE
PS-PAIR-BV-MT,BV,MT,R,research_direct_route,false,NOT_ASSESSED_FOR_SPECIFIC_RECIPE
PS-PAIR-BV-CR,BV,CR,R,research_direct_route,false,NOT_ASSESSED_FOR_SPECIFIC_RECIPE
PS-PAIR-BV-TP,BV,TP,T,managed_transition,false,NOT_ASSESSED_FOR_SPECIFIC_RECIPE
PS-PAIR-BV-RS,BV,RS,T,managed_transition,false,NOT_ASSESSED_FOR_SPECIFIC_RECIPE
PS-PAIR-BV-EL,BV,EL,T,managed_transition,false,NOT_ASSESSED_FOR_SPECIFIC_RECIPE
PS-PAIR-BV-CI,BV,CI,T,managed_transition,false,NOT_ASSESSED_FOR_SPECIFIC_RECIPE
PS-PAIR-BV-DE,BV,DE,T,managed_transition,false,NOT_ASSESSED_FOR_SPECIFIC_RECIPE
PS-PAIR-BV-MG,BV,MG,T,managed_transition,false,NOT_ASSESSED_FOR_SPECIFIC_RECIPE
PS-PAIR-BV-OP,BV,OP,T,managed_transition,false,NOT_ASSESSED_FOR_SPECIFIC_RECIPE
PS-PAIR-BV-FL,BV,FL,T,managed_transition,false,NOT_ASSESSED_FOR_SPECIFIC_RECIPE
PS-PAIR-BV-EC,BV,EC,T,managed_transition,false,NOT_ASSESSED_FOR_SPECIFIC_RECIPE
PS-PAIR-BV-SC,BV,SC,M,modular_insert,false,NOT_ASSESSED_FOR_SPECIFIC_RECIPE
PS-PAIR-BV-BT,BV,BT,M,modular_insert,false,NOT_ASSESSED_FOR_SPECIFIC_RECIPE
PS-PAIR-BV-BV,BV,BV,P,shared_window_candidate,false,NOT_ASSESSED_FOR_SPECIFIC_RECIPE
